{
  "type": "FeatureCollection",
  "generator": "overpass-turbo",
  "copyright": "The data included in this document is from www.openstreetmap.org. The data is made available under ODbL.",
  "timestamp": "2026-02-16T07:58:41Z",
  "features": [
    {
      "type": "Feature",
      "properties": {
        "@id": "way/243465073",
        "addr:housenumber": "16",
        "addr:street": "לב העיר",
        "building": "retail",
        "building:levels": "5",
        "internet_access": "wlan",
        "layer": "1",
        "name": "קניון עזריאלי מודיעין",
        "name:en": "Azrieli Modi'in Mall",
        "name:he": "קניון עזריאלי מודיעין",
        "opening_hours:covid19": "off",
        "roof:shape": "round",
        "shop": "mall",
        "wikidata": "Q65251526"
      },
      "geometry": {
        "type": "Polygon",
        "coordinates": [
          [
            [
              35.0090729,
              31.8992701
            ],
            [
              35.0091957,
              31.8993311
            ],
            [
              35.009223,
              31.8993458
            ],
            [
              35.0092751,
              31.8993707
            ],
            [
              35.0093199,
              31.8993929
            ],
            [
              35.0091817,
              31.8996119
            ],
            [
              35.0091097,
              31.8997562
            ],
            [
              35.0088528,
              31.9001457
            ],
            [
              35.0086353,
              31.900354
            ],
            [
              35.0085865,
              31.9002859
            ],
            [
              35.0084506,
              31.9000788
            ],
            [
              35.0083628,
              31.9001283
            ],
            [
              35.0083976,
              31.9002605
            ],
            [
              35.0084132,
              31.9002871
            ],
            [
              35.0085269,
              31.9004803
            ],
            [
              35.0083493,
              31.9005793
            ],
            [
              35.0082298,
              31.9006354
            ],
            [
              35.0081642,
              31.9006662
            ],
            [
              35.0077969,
              31.9008112
            ],
            [
              35.0077027,
              31.9006131
            ],
            [
              35.0076144,
              31.900429
            ],
            [
              35.0077002,
              31.9002605
            ],
            [
              35.0076544,
              31.9001614
            ],
            [
              35.0076037,
              31.9000783
            ],
            [
              35.0071719,
              31.8998755
            ],
            [
              35.0071578,
              31.8998689
            ],
            [
              35.0069465,
              31.8997697
            ],
            [
              35.0069602,
              31.8997042
            ],
            [
              35.0069606,
              31.8996509
            ],
            [
              35.0069469,
              31.8995946
            ],
            [
              35.006937,
              31.8995702
            ],
            [
              35.0069331,
              31.8995605
            ],
            [
              35.0068546,
              31.8994194
            ],
            [
              35.0074139,
              31.8992282
            ],
            [
              35.0075126,
              31.8991878
            ],
            [
              35.0077497,
              31.8991055
            ],
            [
              35.0079202,
              31.8991857
            ],
            [
              35.0080028,
              31.8993445
            ],
            [
              35.0081025,
              31.8995364
            ],
            [
              35.0081316,
              31.8995253
            ],
            [
              35.0081572,
              31.8995156
            ],
            [
              35.0082667,
              31.8994824
            ],
            [
              35.0081846,
              31.8993087
            ],
            [
              35.0080913,
              31.8991423
            ],
            [
              35.0080916,
              31.8989491
            ],
            [
              35.0084636,
              31.8987759
            ],
            [
              35.0085907,
              31.8990354
            ],
            [
              35.0086467,
              31.8990607
            ],
            [
              35.0086899,
              31.899068
            ],
            [
              35.0087939,
              31.8991262
            ],
            [
              35.008899,
              31.8991804
            ],
            [
              35.0089775,
              31.899221
            ],
            [
              35.0090148,
              31.8992376
            ],
            [
              35.0090729,
              31.8992701
            ]
          ]
        ]
      },
      "id": "way/243465073"
    },
    {
      "type": "Feature",
      "properties": {
        "@id": "way/318757312",
        "addr:city": "מודיעין-מכבים-רעות",
        "addr:housenumber": "75",
        "addr:street": "לשם",
        "building": "kindergarten",
        "building:levels": "1",
        "name": "שניר / ירדן",
        "name:he": "שניר / ירדן",
        "roof:shape": "flat"
      },
      "geometry": {
        "type": "Polygon",
        "coordinates": [
          [
            [
              34.9959002,
              31.9044889
            ],
            [
              34.9960018,
              31.9044806
            ],
            [
              34.996013,
              31.9045795
            ],
            [
              34.9960289,
              31.9047195
            ],
            [
              34.9958863,
              31.9047312
            ],
            [
              34.9958803,
              31.9046783
            ],
            [
              34.9958996,
              31.9046767
            ],
            [
              34.9958901,
              31.9045924
            ],
            [
              34.9958604,
              31.9045948
            ],
            [
              34.9958528,
              31.9045279
            ],
            [
              34.9959042,
              31.9045237
            ],
            [
              34.9959002,
              31.9044889
            ]
          ]
        ]
      },
      "id": "way/318757312"
    },
    {
      "type": "Feature",
      "properties": {
        "@id": "way/318762947",
        "building": "yes",
        "building:levels": "3"
      },
      "geometry": {
        "type": "Polygon",
        "coordinates": [
          [
            [
              34.9986269,
              31.9050832
            ],
            [
              34.9987593,
              31.9048548
            ],
            [
              34.9988835,
              31.9049067
            ],
            [
              34.9988302,
              31.9049987
            ],
            [
              34.9987512,
              31.9051351
            ],
            [
              34.9986269,
              31.9050832
            ]
          ]
        ]
      },
      "id": "way/318762947"
    },
    {
      "type": "Feature",
      "properties": {
        "@id": "way/318762949",
        "building": "yes",
        "building:levels": "3"
      },
      "geometry": {
        "type": "Polygon",
        "coordinates": [
          [
            [
              34.9991838,
              31.9039646
            ],
            [
              34.9992648,
              31.9039967
            ],
            [
              34.9993754,
              31.9040406
            ],
            [
              34.9993293,
              31.9041244
            ],
            [
              34.9992814,
              31.9042115
            ],
            [
              34.9991876,
              31.9041744
            ],
            [
              34.999233,
              31.9040918
            ],
            [
              34.9991352,
              31.904053
            ],
            [
              34.9991838,
              31.9039646
            ]
          ]
        ]
      },
      "id": "way/318762949"
    },
    {
      "type": "Feature",
      "properties": {
        "@id": "way/318762951",
        "building": "yes",
        "building:levels": "3"
      },
      "geometry": {
        "type": "Polygon",
        "coordinates": [
          [
            [
              34.9990051,
              31.9044388
            ],
            [
              34.9991374,
              31.9042104
            ],
            [
              34.9992617,
              31.9042623
            ],
            [
              34.9991951,
              31.9043771
            ],
            [
              34.9991293,
              31.9044907
            ],
            [
              34.9990051,
              31.9044388
            ]
          ]
        ]
      },
      "id": "way/318762951"
    },
    {
      "type": "Feature",
      "properties": {
        "@id": "way/318762953",
        "building": "yes",
        "building:levels": "3"
      },
      "geometry": {
        "type": "Polygon",
        "coordinates": [
          [
            [
              34.998801,
              31.9047896
            ],
            [
              34.9989335,
              31.9045608
            ],
            [
              34.9990581,
              31.9046128
            ],
            [
              34.998992,
              31.904727
            ],
            [
              34.9989256,
              31.9048416
            ],
            [
              34.998801,
              31.9047896
            ]
          ]
        ]
      },
      "id": "way/318762953"
    },
    {
      "type": "Feature",
      "properties": {
        "@id": "way/318946092",
        "building": "apartments",
        "building:levels": "4"
      },
      "geometry": {
        "type": "Polygon",
        "coordinates": [
          [
            [
              34.9955422,
              31.9064786
            ],
            [
              34.9956055,
              31.9064098
            ],
            [
              34.9957952,
              31.9065358
            ],
            [
              34.9957318,
              31.9066045
            ],
            [
              34.9955422,
              31.9064786
            ]
          ]
        ]
      },
      "id": "way/318946092"
    },
    {
      "type": "Feature",
      "properties": {
        "@id": "way/318946138",
        "building": "apartments",
        "building:levels": "3"
      },
      "geometry": {
        "type": "Polygon",
        "coordinates": [
          [
            [
              34.9958546,
              31.9063171
            ],
            [
              34.9959649,
              31.9062566
            ],
            [
              34.9960222,
              31.9063319
            ],
            [
              34.9960939,
              31.9062925
            ],
            [
              34.9961542,
              31.9063717
            ],
            [
              34.9958884,
              31.9065174
            ],
            [
              34.9958267,
              31.9064363
            ],
            [
              34.9959104,
              31.9063904
            ],
            [
              34.9958546,
              31.9063171
            ]
          ]
        ]
      },
      "id": "way/318946138"
    },
    {
      "type": "Feature",
      "properties": {
        "@id": "way/318947138",
        "building": "apartments",
        "building:levels": "3"
      },
      "geometry": {
        "type": "Polygon",
        "coordinates": [
          [
            [
              34.9982687,
              31.9055387
            ],
            [
              34.9983247,
              31.9054543
            ],
            [
              34.9985164,
              31.9055461
            ],
            [
              34.9984001,
              31.9057212
            ],
            [
              34.9983067,
              31.9056764
            ],
            [
              34.998367,
              31.9055858
            ],
            [
              34.9982687,
              31.9055387
            ]
          ]
        ]
      },
      "id": "way/318947138"
    },
    {
      "type": "Feature",
      "properties": {
        "@id": "way/318947140",
        "building": "apartments",
        "building:levels": "3"
      },
      "geometry": {
        "type": "Polygon",
        "coordinates": [
          [
            [
              34.9976484,
              31.9065694
            ],
            [
              34.9977305,
              31.9064749
            ],
            [
              34.9977982,
              31.9065173
            ],
            [
              34.9978457,
              31.9064627
            ],
            [
              34.9979329,
              31.9065173
            ],
            [
              34.9978033,
              31.9066664
            ],
            [
              34.9976484,
              31.9065694
            ]
          ]
        ]
      },
      "id": "way/318947140"
    },
    {
      "type": "Feature",
      "properties": {
        "@id": "way/319167292",
        "addr:housenumber": "4",
        "addr:street": "מגדל ים",
        "building": "apartments",
        "building:height": "74.67",
        "building:levels": "21",
        "height": "74.67",
        "roof:shape": "flat"
      },
      "geometry": {
        "type": "Polygon",
        "coordinates": [
          [
            [
              34.9940117,
              31.9064321
            ],
            [
              34.9939567,
              31.9062294
            ],
            [
              34.9940892,
              31.9062035
            ],
            [
              34.9940569,
              31.9060844
            ],
            [
              34.9942907,
              31.9060387
            ],
            [
              34.9943262,
              31.9061697
            ],
            [
              34.9941934,
              31.9061956
            ],
            [
              34.9941347,
              31.9062868
            ],
            [
              34.994166,
              31.9064019
            ],
            [
              34.9940117,
              31.9064321
            ]
          ]
        ]
      },
      "id": "way/319167292"
    },
    {
      "type": "Feature",
      "properties": {
        "@id": "way/319167294",
        "addr:housenumber": "6",
        "addr:street": "מגדל ים",
        "building": "apartments",
        "building:height": "74.67",
        "building:levels": "21",
        "height": "74.67",
        "roof:shape": "flat"
      },
      "geometry": {
        "type": "Polygon",
        "coordinates": [
          [
            [
              34.9946457,
              31.9062152
            ],
            [
              34.9946955,
              31.9064208
            ],
            [
              34.9945623,
              31.9064441
            ],
            [
              34.9945913,
              31.9065638
            ],
            [
              34.9943541,
              31.9066052
            ],
            [
              34.9943218,
              31.9064717
            ],
            [
              34.9944559,
              31.9064482
            ],
            [
              34.9945166,
              31.9063589
            ],
            [
              34.9944884,
              31.9062426
            ],
            [
              34.9946457,
              31.9062152
            ]
          ]
        ]
      },
      "id": "way/319167294"
    },
    {
      "type": "Feature",
      "properties": {
        "@id": "way/323320395",
        "building": "school",
        "building:levels": "2",
        "name": "עירוני ג' ע\"ש מוטה (מרדכי) גור",
        "name:en": "Mota Goor Ironi Gimel school",
        "name:he": "עירוני ג' ע\"ש מוטה (מרדכי) גור"
      },
      "geometry": {
        "type": "Polygon",
        "coordinates": [
          [
            [
              34.9969727,
              31.9107549
            ],
            [
              34.9970263,
              31.9108414
            ],
            [
              34.9969727,
              31.9108824
            ],
            [
              34.9970371,
              31.910937
            ],
            [
              34.9969673,
              31.9110008
            ],
            [
              34.9970102,
              31.9110417
            ],
            [
              34.9970531,
              31.9110099
            ],
            [
              34.9971712,
              31.9111374
            ],
            [
              34.9970907,
              31.9111966
            ],
            [
              34.997021,
              31.9112558
            ],
            [
              34.9969566,
              31.9113332
            ],
            [
              34.9969244,
              31.9113787
            ],
            [
              34.9968386,
              31.9113377
            ],
            [
              34.996801,
              31.9114015
            ],
            [
              34.9968171,
              31.9114243
            ],
            [
              34.9968439,
              31.9114516
            ],
            [
              34.9968815,
              31.9115017
            ],
            [
              34.9969029,
              31.9115472
            ],
            [
              34.9970156,
              31.9115472
            ],
            [
              34.9970102,
              31.9114743
            ],
            [
              34.9972302,
              31.9114743
            ],
            [
              34.9972409,
              31.9115108
            ],
            [
              34.9972463,
              31.9115791
            ],
            [
              34.9972302,
              31.9116656
            ],
            [
              34.9972087,
              31.9117521
            ],
            [
              34.9971336,
              31.9117385
            ],
            [
              34.9971336,
              31.9116929
            ],
            [
              34.9969995,
              31.9116838
            ],
            [
              34.9969941,
              31.9117567
            ],
            [
              34.996978,
              31.9118432
            ],
            [
              34.9971926,
              31.9119161
            ],
            [
              34.9971604,
              31.9119661
            ],
            [
              34.9971175,
              31.9120208
            ],
            [
              34.9970531,
              31.9120936
            ],
            [
              34.9969941,
              31.9121483
            ],
            [
              34.9969029,
              31.9120845
            ],
            [
              34.9969459,
              31.9120344
            ],
            [
              34.9967903,
              31.911957
            ],
            [
              34.9967474,
              31.9120117
            ],
            [
              34.9966884,
              31.9120754
            ],
            [
              34.9968761,
              31.912212
            ],
            [
              34.9968386,
              31.9122439
            ],
            [
              34.9967688,
              31.9123031
            ],
            [
              34.9966937,
              31.9123441
            ],
            [
              34.9965972,
              31.912376
            ],
            [
              34.9965757,
              31.912294
            ],
            [
              34.996624,
              31.9122576
            ],
            [
              34.9965918,
              31.9122394
            ],
            [
              34.9965918,
              31.9121437
            ],
            [
              34.996565,
              31.9121574
            ],
            [
              34.9964899,
              31.9120982
            ],
            [
              34.9965317,
              31.9120716
            ],
            [
              34.996506,
              31.9120436
            ],
            [
              34.9966025,
              31.9119707
            ],
            [
              34.9966669,
              31.9118978
            ],
            [
              34.9966991,
              31.9118341
            ],
            [
              34.9967581,
              31.9118614
            ],
            [
              34.9967957,
              31.9118204
            ],
            [
              34.9968332,
              31.9117385
            ],
            [
              34.9967849,
              31.9116884
            ],
            [
              34.9967527,
              31.9116519
            ],
            [
              34.9967366,
              31.911611
            ],
            [
              34.9966294,
              31.9116018
            ],
            [
              34.9966294,
              31.9116656
            ],
            [
              34.996345,
              31.9116565
            ],
            [
              34.996345,
              31.9115518
            ],
            [
              34.9963665,
              31.9114561
            ],
            [
              34.9963933,
              31.9113742
            ],
            [
              34.9965006,
              31.9114106
            ],
            [
              34.9964899,
              31.9114379
            ],
            [
              34.9964792,
              31.9114789
            ],
            [
              34.996624,
              31.911488
            ],
            [
              34.9966294,
              31.911447
            ],
            [
              34.9966455,
              31.9114015
            ],
            [
              34.9966723,
              31.9113332
            ],
            [
              34.9964041,
              31.911233
            ],
            [
              34.9964416,
              31.9111647
            ],
            [
              34.9964952,
              31.9110827
            ],
            [
              34.9965918,
              31.9109917
            ],
            [
              34.9966884,
              31.9110509
            ],
            [
              34.9966615,
              31.9110827
            ],
            [
              34.9966294,
              31.9111192
            ],
            [
              34.9968386,
              31.9112239
            ],
            [
              34.9968761,
              31.9111647
            ],
            [
              34.9969298,
              31.9111009
            ],
            [
              34.9967366,
              31.9109097
            ],
            [
              34.9968064,
              31.910855
            ],
            [
              34.9969029,
              31.9107913
            ],
            [
              34.9969727,
              31.9107549
            ]
          ]
        ]
      },
      "id": "way/323320395"
    },
    {
      "type": "Feature",
      "properties": {
        "@id": "way/323324998",
        "addr:housenumber": "21",
        "addr:street": "מגדל ים",
        "building": "apartments",
        "building:levels": "2",
        "roof:shape": "flat"
      },
      "geometry": {
        "type": "Polygon",
        "coordinates": [
          [
            [
              34.9931715,
              31.9065469
            ],
            [
              34.993133,
              31.9063299
            ],
            [
              34.9937105,
              31.9062561
            ],
            [
              34.9937167,
              31.9062907
            ],
            [
              34.9937499,
              31.9062864
            ],
            [
              34.9937762,
              31.9064343
            ],
            [
              34.9937344,
              31.9064396
            ],
            [
              34.9937406,
              31.9064742
            ],
            [
              34.9931715,
              31.9065469
            ]
          ]
        ]
      },
      "id": "way/323324998"
    },
    {
      "type": "Feature",
      "properties": {
        "@id": "way/323329358",
        "addr:housenumber": "50-56",
        "addr:street": "תכלת",
        "building": "apartments",
        "building:levels": "8",
        "roof:shape": "flat"
      },
      "geometry": {
        "type": "Polygon",
        "coordinates": [
          [
            [
              34.9935126,
              31.9025487
            ],
            [
              34.9938184,
              31.9023984
            ],
            [
              34.9941564,
              31.9023483
            ],
            [
              34.9941778,
              31.9024576
            ],
            [
              34.9941285,
              31.9024624
            ],
            [
              34.9941403,
              31.9025533
            ],
            [
              34.9939472,
              31.9025806
            ],
            [
              34.9939353,
              31.90249
            ],
            [
              34.9938715,
              31.9024943
            ],
            [
              34.9938061,
              31.9025182
            ],
            [
              34.9938648,
              31.9026045
            ],
            [
              34.9937111,
              31.9026762
            ],
            [
              34.9936467,
              31.9026034
            ],
            [
              34.9935824,
              31.9026398
            ],
            [
              34.9935126,
              31.9025487
            ]
          ]
        ]
      },
      "id": "way/323329358"
    },
    {
      "type": "Feature",
      "properties": {
        "@id": "way/323329360",
        "addr:housenumber": "5",
        "addr:street": "בדולח",
        "building": "kindergarten",
        "building:levels": "1",
        "name": "גן צליל",
        "name:he": "גן צליל",
        "roof:shape": "flat"
      },
      "geometry": {
        "type": "Polygon",
        "coordinates": [
          [
            [
              34.9940888,
              31.9031363
            ],
            [
              34.9942523,
              31.9029625
            ],
            [
              34.9943664,
              31.9030399
            ],
            [
              34.9942029,
              31.9032137
            ],
            [
              34.9940888,
              31.9031363
            ]
          ]
        ]
      },
      "id": "way/323329360"
    },
    {
      "type": "Feature",
      "properties": {
        "@id": "way/323329362",
        "addr:housenumber": "58-64",
        "addr:street": "תכלת",
        "building": "apartments",
        "building:levels": "8",
        "roof:shape": "flat"
      },
      "geometry": {
        "type": "Polygon",
        "coordinates": [
          [
            [
              34.9933732,
              31.9027036
            ],
            [
              34.9935073,
              31.90274
            ],
            [
              34.9935019,
              31.9027901
            ],
            [
              34.9936253,
              31.9028129
            ],
            [
              34.9935915,
              31.9029634
            ],
            [
              34.9934751,
              31.9029449
            ],
            [
              34.9934644,
              31.9030223
            ],
            [
              34.9934912,
              31.9030861
            ],
            [
              34.9936038,
              31.9030679
            ],
            [
              34.9936521,
              31.9032136
            ],
            [
              34.9935448,
              31.9032455
            ],
            [
              34.9935663,
              31.9033093
            ],
            [
              34.9934161,
              31.9033366
            ],
            [
              34.9933249,
              31.9029814
            ],
            [
              34.9933732,
              31.9027036
            ]
          ]
        ]
      },
      "id": "way/323329362"
    },
    {
      "type": "Feature",
      "properties": {
        "@id": "way/487808550",
        "building": "apartments",
        "building:levels": "2",
        "roof:shape": "flat"
      },
      "geometry": {
        "type": "Polygon",
        "coordinates": [
          [
            [
              35.0075331,
              31.8971319
            ],
            [
              35.0076491,
              31.896998
            ],
            [
              35.0078438,
              31.8971196
            ],
            [
              35.0077278,
              31.8972535
            ],
            [
              35.0075331,
              31.8971319
            ]
          ]
        ]
      },
      "id": "way/487808550"
    },
    {
      "type": "Feature",
      "properties": {
        "@id": "way/488744441",
        "addr:housenumber": "32",
        "addr:street": "עמק החולה",
        "building": "retail",
        "building:levels": "2",
        "outdoor_seating": "no",
        "roof:shape": "flat",
        "shop": "mall"
      },
      "geometry": {
        "type": "Polygon",
        "coordinates": [
          [
            [
              35.0190322,
              31.8960955
            ],
            [
              35.0190266,
              31.8957972
            ],
            [
              35.0192587,
              31.895794
            ],
            [
              35.0192643,
              31.8960923
            ],
            [
              35.0190322,
              31.8960955
            ]
          ]
        ]
      },
      "id": "way/488744441"
    },
    {
      "type": "Feature",
      "properties": {
        "@id": "way/488914724",
        "building": "yes",
        "building:levels": "9"
      },
      "geometry": {
        "type": "Polygon",
        "coordinates": [
          [
            [
              35.0129064,
              31.8975904
            ],
            [
              35.0128246,
              31.8973943
            ],
            [
              35.013053,
              31.8973255
            ],
            [
              35.0131348,
              31.8975216
            ],
            [
              35.0129064,
              31.8975904
            ]
          ]
        ]
      },
      "id": "way/488914724"
    },
    {
      "type": "Feature",
      "properties": {
        "@id": "way/488914725",
        "building": "yes",
        "building:levels": "9"
      },
      "geometry": {
        "type": "Polygon",
        "coordinates": [
          [
            [
              35.0125146,
              31.8976278
            ],
            [
              35.0126864,
              31.8974749
            ],
            [
              35.0128609,
              31.8976162
            ],
            [
              35.0126891,
              31.8977691
            ],
            [
              35.0125146,
              31.8976278
            ]
          ]
        ]
      },
      "id": "way/488914725"
    },
    {
      "type": "Feature",
      "properties": {
        "@id": "way/488914726",
        "building": "yes",
        "building:levels": "9"
      },
      "geometry": {
        "type": "Polygon",
        "coordinates": [
          [
            [
              35.0131738,
              31.8975209
            ],
            [
              35.0132748,
              31.8973364
            ],
            [
              35.0134973,
              31.8974243
            ],
            [
              35.0133962,
              31.8976087
            ],
            [
              35.0131738,
              31.8975209
            ]
          ]
        ]
      },
      "id": "way/488914726"
    },
    {
      "type": "Feature",
      "properties": {
        "@id": "way/488914727",
        "building": "yes",
        "building:levels": "9"
      },
      "geometry": {
        "type": "Polygon",
        "coordinates": [
          [
            [
              35.0127927,
              31.8984515
            ],
            [
              35.012844,
              31.8982572
            ],
            [
              35.0130857,
              31.8983032
            ],
            [
              35.0130344,
              31.8984975
            ],
            [
              35.0127927,
              31.8984515
            ]
          ]
        ]
      },
      "id": "way/488914727"
    },
    {
      "type": "Feature",
      "properties": {
        "@id": "way/488914728",
        "building": "yes",
        "building:levels": "9"
      },
      "geometry": {
        "type": "Polygon",
        "coordinates": [
          [
            [
              35.0126342,
              31.8983516
            ],
            [
              35.0124884,
              31.8981753
            ],
            [
              35.0126889,
              31.8980558
            ],
            [
              35.0128347,
              31.8982321
            ],
            [
              35.0126342,
              31.8983516
            ]
          ]
        ]
      },
      "id": "way/488914728"
    },
    {
      "type": "Feature",
      "properties": {
        "@id": "way/488914729",
        "building": "yes",
        "building:levels": "9"
      },
      "geometry": {
        "type": "Polygon",
        "coordinates": [
          [
            [
              35.0124343,
              31.8980141
            ],
            [
              35.0124373,
              31.8977979
            ],
            [
              35.0126857,
              31.8978005
            ],
            [
              35.0126826,
              31.8980167
            ],
            [
              35.0124343,
              31.8980141
            ]
          ]
        ]
      },
      "id": "way/488914729"
    },
    {
      "type": "Feature",
      "properties": {
        "@id": "way/490065691",
        "building": "apartments",
        "building:levels": "13",
        "name": "בניני דימרי",
        "name:he": "בניני דימרי",
        "roof:shape": "flat"
      },
      "geometry": {
        "type": "Polygon",
        "coordinates": [
          [
            [
              35.0045409,
              31.9043362
            ],
            [
              35.0045572,
              31.9041997
            ],
            [
              35.0043762,
              31.9041896
            ],
            [
              35.0043934,
              31.9039667
            ],
            [
              35.0046544,
              31.9039813
            ],
            [
              35.0045193,
              31.9056434
            ],
            [
              35.0042579,
              31.9056289
            ],
            [
              35.0042752,
              31.9054056
            ],
            [
              35.0044524,
              31.9054155
            ],
            [
              35.0044635,
              31.9052944
            ],
            [
              35.004283,
              31.9052843
            ],
            [
              35.0043002,
              31.9050626
            ],
            [
              35.0044765,
              31.9050724
            ],
            [
              35.0044873,
              31.9049485
            ],
            [
              35.0043118,
              31.9049387
            ],
            [
              35.0043291,
              31.9047159
            ],
            [
              35.0045059,
              31.9047257
            ],
            [
              35.0045219,
              31.9045596
            ],
            [
              35.0043436,
              31.9045497
            ],
            [
              35.0043609,
              31.9043262
            ],
            [
              35.0045409,
              31.9043362
            ]
          ]
        ]
      },
      "id": "way/490065691"
    },
    {
      "type": "Feature",
      "properties": {
        "@id": "way/490066235",
        "building": "apartments",
        "building:levels": "15",
        "name": "ביניני דימרי",
        "name:he": "ביניני דימרי",
        "roof:levels": "1",
        "roof:shape": "skillion"
      },
      "geometry": {
        "type": "Polygon",
        "coordinates": [
          [
            [
              35.0046822,
              31.9038661
            ],
            [
              35.0044212,
              31.9038516
            ],
            [
              35.0044385,
              31.9036287
            ],
            [
              35.0046099,
              31.9036383
            ],
            [
              35.0046236,
              31.9035009
            ],
            [
              35.0044515,
              31.9034913
            ],
            [
              35.0044686,
              31.9032696
            ],
            [
              35.0046424,
              31.9032793
            ],
            [
              35.0046556,
              31.9031408
            ],
            [
              35.004484,
              31.9031312
            ],
            [
              35.0045011,
              31.9029101
            ],
            [
              35.0046796,
              31.9029201
            ],
            [
              35.0046933,
              31.9027561
            ],
            [
              35.0045243,
              31.9027467
            ],
            [
              35.004541,
              31.9025299
            ],
            [
              35.0047949,
              31.902544
            ],
            [
              35.0046822,
              31.9038661
            ]
          ]
        ]
      },
      "id": "way/490066235"
    },
    {
      "type": "Feature",
      "properties": {
        "@id": "way/490686649",
        "building": "yes",
        "building:height": "67.56",
        "building:levels": "19",
        "height": "67.56"
      },
      "geometry": {
        "type": "Polygon",
        "coordinates": [
          [
            [
              35.0113609,
              31.900557
            ],
            [
              35.0113805,
              31.9005097
            ],
            [
              35.0114049,
              31.900517
            ],
            [
              35.0114325,
              31.9004501
            ],
            [
              35.0114809,
              31.9004645
            ],
            [
              35.0114905,
              31.9004415
            ],
            [
              35.011517,
              31.9004494
            ],
            [
              35.0116219,
              31.9004806
            ],
            [
              35.0116303,
              31.9004603
            ],
            [
              35.0117335,
              31.9004911
            ],
            [
              35.011705,
              31.9005599
            ],
            [
              35.0116702,
              31.9005496
            ],
            [
              35.0116574,
              31.9005807
            ],
            [
              35.0116873,
              31.9005896
            ],
            [
              35.0116634,
              31.9006472
            ],
            [
              35.0113609,
              31.900557
            ]
          ]
        ]
      },
      "id": "way/490686649"
    },
    {
      "type": "Feature",
      "properties": {
        "@id": "way/490686659",
        "building": "yes",
        "building:height": "67.56",
        "building:levels": "19",
        "height": "67.56"
      },
      "geometry": {
        "type": "Polygon",
        "coordinates": [
          [
            [
              35.0112987,
              31.9007157
            ],
            [
              35.0113143,
              31.9006781
            ],
            [
              35.0115992,
              31.9007635
            ],
            [
              35.0115777,
              31.9008154
            ],
            [
              35.0115451,
              31.9008057
            ],
            [
              35.011521,
              31.9008638
            ],
            [
              35.0115509,
              31.9008727
            ],
            [
              35.0115294,
              31.9009247
            ],
            [
              35.0114372,
              31.9008971
            ],
            [
              35.011443,
              31.9008832
            ],
            [
              35.0113204,
              31.9008465
            ],
            [
              35.0113416,
              31.9007954
            ],
            [
              35.0112976,
              31.9007822
            ],
            [
              35.0113222,
              31.9007228
            ],
            [
              35.0112987,
              31.9007157
            ]
          ]
        ]
      },
      "id": "way/490686659"
    },
    {
      "type": "Feature",
      "properties": {
        "@id": "way/491961801",
        "building": "yes",
        "building:height": "73",
        "building:levels": "19",
        "height": "73"
      },
      "geometry": {
        "type": "Polygon",
        "coordinates": [
          [
            [
              35.01116,
              31.9069498
            ],
            [
              35.011001,
              31.9067944
            ],
            [
              35.0111328,
              31.9066972
            ],
            [
              35.0111711,
              31.9067346
            ],
            [
              35.0112191,
              31.9066992
            ],
            [
              35.01128,
              31.9067588
            ],
            [
              35.0112365,
              31.9067909
            ],
            [
              35.0112963,
              31.9068493
            ],
            [
              35.01116,
              31.9069498
            ]
          ]
        ]
      },
      "id": "way/491961801"
    },
    {
      "type": "Feature",
      "properties": {
        "@id": "way/495725072",
        "building": "apartments",
        "building:flats": "1-75",
        "building:levels": "25",
        "height": "76",
        "name": "מגדל בוני התיכון 2",
        "name:he": "מגדל בוני התיכון 2"
      },
      "geometry": {
        "type": "Polygon",
        "coordinates": [
          [
            [
              35.0025372,
              31.9157097
            ],
            [
              35.0023989,
              31.9156637
            ],
            [
              35.0022606,
              31.9156177
            ],
            [
              35.0023098,
              31.9155113
            ],
            [
              35.0023807,
              31.9155349
            ],
            [
              35.0024498,
              31.9153853
            ],
            [
              35.0025559,
              31.9154206
            ],
            [
              35.002531,
              31.9154745
            ],
            [
              35.0026115,
              31.9155013
            ],
            [
              35.0026919,
              31.9155281
            ],
            [
              35.0026385,
              31.9156437
            ],
            [
              35.0025771,
              31.9156233
            ],
            [
              35.0025372,
              31.9157097
            ]
          ]
        ]
      },
      "id": "way/495725072"
    },
    {
      "type": "Feature",
      "properties": {
        "@id": "way/495725074",
        "building": "apartments",
        "building:levels": "25",
        "height": "76",
        "name": "מגדל בוני התיכון - 1",
        "name:he": "מגדל בוני התיכון - 1"
      },
      "geometry": {
        "type": "Polygon",
        "coordinates": [
          [
            [
              35.0018431,
              31.9154185
            ],
            [
              35.0019069,
              31.9152892
            ],
            [
              35.0020059,
              31.9153244
            ],
            [
              35.0020454,
              31.9153384
            ],
            [
              35.0020792,
              31.9152699
            ],
            [
              35.002242,
              31.9153278
            ],
            [
              35.0021639,
              31.9154861
            ],
            [
              35.0022002,
              31.915499
            ],
            [
              35.0021492,
              31.9156023
            ],
            [
              35.0020456,
              31.9155655
            ],
            [
              35.001942,
              31.9155286
            ],
            [
              35.0019197,
              31.9155739
            ],
            [
              35.0018222,
              31.9155393
            ],
            [
              35.001876,
              31.9154302
            ],
            [
              35.0018431,
              31.9154185
            ]
          ]
        ]
      },
      "id": "way/495725074"
    },
    {
      "type": "Feature",
      "properties": {
        "@id": "way/495754504",
        "building": "yes",
        "building:levels": "6"
      },
      "geometry": {
        "type": "Polygon",
        "coordinates": [
          [
            [
              35.0073362,
              31.9154818
            ],
            [
              35.0074424,
              31.9153686
            ],
            [
              35.0076152,
              31.9152587
            ],
            [
              35.0077868,
              31.9151995
            ],
            [
              35.0078792,
              31.9153924
            ],
            [
              35.0077369,
              31.9154415
            ],
            [
              35.0076148,
              31.9155193
            ],
            [
              35.0075281,
              31.9156116
            ],
            [
              35.0073362,
              31.9154818
            ]
          ]
        ]
      },
      "id": "way/495754504"
    },
    {
      "type": "Feature",
      "properties": {
        "@id": "way/495754506",
        "building": "yes",
        "building:levels": "6"
      },
      "geometry": {
        "type": "Polygon",
        "coordinates": [
          [
            [
              35.0081304,
              31.9153567
            ],
            [
              35.0080525,
              31.9151254
            ],
            [
              35.0085379,
              31.9150075
            ],
            [
              35.008614,
              31.9152333
            ],
            [
              35.0085191,
              31.9152563
            ],
            [
              35.0084973,
              31.9151916
            ],
            [
              35.0082249,
              31.9152578
            ],
            [
              35.0082485,
              31.915328
            ],
            [
              35.0081304,
              31.9153567
            ]
          ]
        ]
      },
      "id": "way/495754506"
    },
    {
      "type": "Feature",
      "properties": {
        "@id": "way/495923656",
        "building": "yes",
        "building:levels": "4"
      },
      "geometry": {
        "type": "Polygon",
        "coordinates": [
          [
            [
              35.0106217,
              31.9129855
            ],
            [
              35.0107833,
              31.9129988
            ],
            [
              35.0107645,
              31.9131635
            ],
            [
              35.0106702,
              31.913335
            ],
            [
              35.0106113,
              31.9134172
            ],
            [
              35.0104236,
              31.9134879
            ],
            [
              35.0103723,
              31.913368
            ],
            [
              35.0105305,
              31.9132633
            ],
            [
              35.0106056,
              31.9131267
            ],
            [
              35.0106217,
              31.9129855
            ]
          ]
        ]
      },
      "id": "way/495923656"
    },
    {
      "type": "Feature",
      "properties": {
        "@id": "way/495923662",
        "building": "yes",
        "building:levels": "4"
      },
      "geometry": {
        "type": "Polygon",
        "coordinates": [
          [
            [
              35.0111349,
              31.9147841
            ],
            [
              35.0109034,
              31.914744
            ],
            [
              35.0109093,
              31.9146756
            ],
            [
              35.0109052,
              31.9146131
            ],
            [
              35.0108706,
              31.914556
            ],
            [
              35.0107931,
              31.9145068
            ],
            [
              35.010679,
              31.9144663
            ],
            [
              35.0106915,
              31.9143106
            ],
            [
              35.0108742,
              31.9142672
            ],
            [
              35.0109493,
              31.9143307
            ],
            [
              35.0111298,
              31.9145388
            ],
            [
              35.0112061,
              31.9146252
            ],
            [
              35.0111349,
              31.9147841
            ]
          ]
        ]
      },
      "id": "way/495923662"
    },
    {
      "type": "Feature",
      "properties": {
        "@id": "way/495923663",
        "building": "yes",
        "building:height": "81.78",
        "building:levels": "23",
        "height": "81.78"
      },
      "geometry": {
        "type": "Polygon",
        "coordinates": [
          [
            [
              35.0119832,
              31.9138787
            ],
            [
              35.0119725,
              31.9136464
            ],
            [
              35.0122673,
              31.9136366
            ],
            [
              35.012278,
              31.9138689
            ],
            [
              35.0119832,
              31.9138787
            ]
          ]
        ]
      },
      "id": "way/495923663"
    },
    {
      "type": "Feature",
      "properties": {
        "@id": "way/495923669",
        "building": "yes",
        "building:levels": "4",
        "layer": "1"
      },
      "geometry": {
        "type": "Polygon",
        "coordinates": [
          [
            [
              35.0106498,
              31.9142319
            ],
            [
              35.0104558,
              31.9135976
            ],
            [
              35.0106786,
              31.9135485
            ],
            [
              35.0108726,
              31.9141828
            ],
            [
              35.0106498,
              31.9142319
            ]
          ]
        ]
      },
      "id": "way/495923669"
    },
    {
      "type": "Feature",
      "properties": {
        "@id": "way/495923941",
        "building": "yes",
        "building:levels": "8"
      },
      "geometry": {
        "type": "Polygon",
        "coordinates": [
          [
            [
              35.0133154,
              31.9111621
            ],
            [
              35.0131156,
              31.9110225
            ],
            [
              35.0133508,
              31.91078
            ],
            [
              35.0135506,
              31.9109197
            ],
            [
              35.0133154,
              31.9111621
            ]
          ]
        ]
      },
      "id": "way/495923941"
    },
    {
      "type": "Feature",
      "properties": {
        "@id": "way/496075110",
        "building": "apartments",
        "building:levels": "3",
        "roof:shape": "flat"
      },
      "geometry": {
        "type": "Polygon",
        "coordinates": [
          [
            [
              34.9997159,
              31.9026861
            ],
            [
              34.9998201,
              31.9025051
            ],
            [
              34.999921,
              31.902547
            ],
            [
              34.9998829,
              31.9026132
            ],
            [
              35.0000245,
              31.902672
            ],
            [
              35.0000616,
              31.9026076
            ],
            [
              35.0001562,
              31.9026469
            ],
            [
              35.000053,
              31.9028261
            ],
            [
              34.9997159,
              31.9026861
            ]
          ]
        ]
      },
      "id": "way/496075110"
    },
    {
      "type": "Feature",
      "properties": {
        "@id": "way/496488058",
        "addr:city": "מודיעין-מכבים-רעות",
        "addr:housenumber": "27",
        "addr:street": "אדר",
        "building": "yes",
        "building:levels": "3"
      },
      "geometry": {
        "type": "Polygon",
        "coordinates": [
          [
            [
              35.0140023,
              31.9146241
            ],
            [
              35.0138357,
              31.9145559
            ],
            [
              35.0139499,
              31.9143549
            ],
            [
              35.0138582,
              31.914317
            ],
            [
              35.0138381,
              31.9143549
            ],
            [
              35.0137106,
              31.9145124
            ],
            [
              35.0135582,
              31.9144235
            ],
            [
              35.0136762,
              31.9142778
            ],
            [
              35.0137674,
              31.9141047
            ],
            [
              35.0141965,
              31.9142823
            ],
            [
              35.0140023,
              31.9146241
            ]
          ]
        ]
      },
      "id": "way/496488058"
    },
    {
      "type": "Feature",
      "properties": {
        "@id": "way/496513144",
        "building": "apartments",
        "building:height": "63.20",
        "building:levels": "21",
        "height": "63.20"
      },
      "geometry": {
        "type": "Polygon",
        "coordinates": [
          [
            [
              34.9976153,
              31.9127361
            ],
            [
              34.9976505,
              31.9125279
            ],
            [
              34.9977772,
              31.9125434
            ],
            [
              34.9977826,
              31.912511
            ],
            [
              34.9978087,
              31.9124677
            ],
            [
              34.9979354,
              31.9125297
            ],
            [
              34.9978896,
              31.9127995
            ],
            [
              34.9977626,
              31.9128129
            ],
            [
              34.9977531,
              31.9127829
            ],
            [
              34.997758,
              31.9127535
            ],
            [
              34.9976153,
              31.9127361
            ]
          ]
        ]
      },
      "id": "way/496513144"
    },
    {
      "type": "Feature",
      "properties": {
        "@id": "way/496513145",
        "building": "yes",
        "building:height": "63.20",
        "building:levels": "21",
        "height": "63.20"
      },
      "geometry": {
        "type": "Polygon",
        "coordinates": [
          [
            [
              34.9979888,
              31.9134554
            ],
            [
              34.9977925,
              31.9133181
            ],
            [
              34.9978601,
              31.9132485
            ],
            [
              34.9978217,
              31.9132217
            ],
            [
              34.9978056,
              31.9131753
            ],
            [
              34.9979101,
              31.9131307
            ],
            [
              34.9981764,
              31.913317
            ],
            [
              34.9981612,
              31.9134086
            ],
            [
              34.9981067,
              31.9133887
            ],
            [
              34.9980751,
              31.9133666
            ],
            [
              34.9979888,
              31.9134554
            ]
          ]
        ]
      },
      "id": "way/496513145"
    },
    {
      "type": "Feature",
      "properties": {
        "@id": "way/496513148",
        "building": "yes",
        "building:height": "63.20",
        "building:levels": "21",
        "height": "63.20"
      },
      "geometry": {
        "type": "Polygon",
        "coordinates": [
          [
            [
              34.9986778,
              31.9134347
            ],
            [
              34.9986124,
              31.9134482
            ],
            [
              34.9985798,
              31.9133213
            ],
            [
              34.9988607,
              31.9131464
            ],
            [
              34.998993,
              31.9132217
            ],
            [
              34.9989632,
              31.913265
            ],
            [
              34.9989282,
              31.9132869
            ],
            [
              34.9989729,
              31.9133386
            ],
            [
              34.9987716,
              31.9134639
            ],
            [
              34.9987223,
              31.9134069
            ],
            [
              34.9986778,
              31.9134347
            ]
          ]
        ]
      },
      "id": "way/496513148"
    },
    {
      "type": "Feature",
      "properties": {
        "@id": "way/501240216",
        "building": "yes",
        "building:levels": "3"
      },
      "geometry": {
        "type": "Polygon",
        "coordinates": [
          [
            [
              35.0031014,
              31.9080962
            ],
            [
              35.0036341,
              31.9078179
            ],
            [
              35.0036563,
              31.9078485
            ],
            [
              35.0037324,
              31.9078088
            ],
            [
              35.003779,
              31.907873
            ],
            [
              35.0038528,
              31.9078345
            ],
            [
              35.0039246,
              31.9079335
            ],
            [
              35.0038031,
              31.907997
            ],
            [
              35.0037722,
              31.9079544
            ],
            [
              35.0036875,
              31.9079987
            ],
            [
              35.0036556,
              31.9079546
            ],
            [
              35.0031792,
              31.9082035
            ],
            [
              35.0031014,
              31.9080962
            ]
          ]
        ]
      },
      "id": "way/501240216"
    },
    {
      "type": "Feature",
      "properties": {
        "@id": "way/501600413",
        "building": "apartments",
        "building:levels": "3"
      },
      "geometry": {
        "type": "Polygon",
        "coordinates": [
          [
            [
              34.994137,
              31.907938
            ],
            [
              34.9940721,
              31.9076193
            ],
            [
              34.9941324,
              31.9076104
            ],
            [
              34.9941167,
              31.9075333
            ],
            [
              34.9944011,
              31.9074916
            ],
            [
              34.9944166,
              31.9075676
            ],
            [
              34.994486,
              31.9075574
            ],
            [
              34.9945508,
              31.9078759
            ],
            [
              34.9943829,
              31.9079005
            ],
            [
              34.9943676,
              31.907825
            ],
            [
              34.9944334,
              31.9078154
            ],
            [
              34.9943911,
              31.9076074
            ],
            [
              34.9941876,
              31.9076372
            ],
            [
              34.9942313,
              31.9078523
            ],
            [
              34.994332,
              31.9078375
            ],
            [
              34.9943462,
              31.9079073
            ],
            [
              34.994137,
              31.907938
            ]
          ]
        ]
      },
      "id": "way/501600413"
    },
    {
      "type": "Feature",
      "properties": {
        "@id": "way/501600415",
        "building": "apartments",
        "building:levels": "3"
      },
      "geometry": {
        "type": "Polygon",
        "coordinates": [
          [
            [
              34.9946498,
              31.9078553
            ],
            [
              34.9945851,
              31.9075372
            ],
            [
              34.9946454,
              31.9075284
            ],
            [
              34.9946297,
              31.9074513
            ],
            [
              34.9949134,
              31.9074097
            ],
            [
              34.9949289,
              31.9074857
            ],
            [
              34.9949983,
              31.9074755
            ],
            [
              34.995063,
              31.9077933
            ],
            [
              34.9948958,
              31.9078179
            ],
            [
              34.9948806,
              31.907743
            ],
            [
              34.9949464,
              31.9077333
            ],
            [
              34.994904,
              31.9075247
            ],
            [
              34.9946997,
              31.9075547
            ],
            [
              34.9947436,
              31.9077703
            ],
            [
              34.9948442,
              31.9077555
            ],
            [
              34.9948583,
              31.9078247
            ],
            [
              34.9946498,
              31.9078553
            ]
          ]
        ]
      },
      "id": "way/501600415"
    },
    {
      "type": "Feature",
      "properties": {
        "@id": "way/501600416",
        "building": "apartments",
        "building:levels": "3"
      },
      "geometry": {
        "type": "Polygon",
        "coordinates": [
          [
            [
              34.9951649,
              31.9077703
            ],
            [
              34.9950894,
              31.9073995
            ],
            [
              34.9953281,
              31.9073654
            ],
            [
              34.995489,
              31.9072629
            ],
            [
              34.995763,
              31.9075836
            ],
            [
              34.9955189,
              31.9077089
            ],
            [
              34.9954756,
              31.9076204
            ],
            [
              34.9956059,
              31.9075572
            ],
            [
              34.9954826,
              31.9073999
            ],
            [
              34.995374,
              31.9074551
            ],
            [
              34.9952216,
              31.907479
            ],
            [
              34.9952584,
              31.9076568
            ],
            [
              34.9954247,
              31.907625
            ],
            [
              34.9954456,
              31.90773
            ],
            [
              34.9951649,
              31.9077703
            ]
          ]
        ]
      },
      "id": "way/501600416"
    },
    {
      "type": "Feature",
      "properties": {
        "@id": "way/501600417",
        "building": "apartments",
        "building:levels": "3"
      },
      "geometry": {
        "type": "Polygon",
        "coordinates": [
          [
            [
              34.9956356,
              31.9071767
            ],
            [
              34.9957782,
              31.9070695
            ],
            [
              34.9958753,
              31.9069168
            ],
            [
              34.9960586,
              31.907034
            ],
            [
              34.9959926,
              31.9071081
            ],
            [
              34.9959052,
              31.9070463
            ],
            [
              34.9958592,
              31.9071058
            ],
            [
              34.9957814,
              31.9071764
            ],
            [
              34.9958646,
              31.9072584
            ],
            [
              34.9957895,
              31.9073176
            ],
            [
              34.9956356,
              31.9071767
            ]
          ]
        ]
      },
      "id": "way/501600417"
    },
    {
      "type": "Feature",
      "properties": {
        "@id": "way/501600763",
        "building": "apartments",
        "building:levels": "3"
      },
      "geometry": {
        "type": "Polygon",
        "coordinates": [
          [
            [
              34.9935312,
              31.9079345
            ],
            [
              34.9932715,
              31.9078096
            ],
            [
              34.9935419,
              31.9074633
            ],
            [
              34.9937621,
              31.9075677
            ],
            [
              34.993971,
              31.9075384
            ],
            [
              34.9940411,
              31.9079366
            ],
            [
              34.993735,
              31.9079755
            ],
            [
              34.9937233,
              31.9078787
            ],
            [
              34.9938774,
              31.9078637
            ],
            [
              34.9938584,
              31.9076591
            ],
            [
              34.9937243,
              31.9076754
            ],
            [
              34.9935902,
              31.9076067
            ],
            [
              34.993451,
              31.907784
            ],
            [
              34.9935851,
              31.9078432
            ],
            [
              34.9935312,
              31.9079345
            ]
          ]
        ]
      },
      "id": "way/501600763"
    },
    {
      "type": "Feature",
      "properties": {
        "@id": "way/501621262",
        "addr:housenumber": "89",
        "addr:street": "תכלת",
        "building": "apartments",
        "building:levels": "4",
        "roof:shape": "flat"
      },
      "geometry": {
        "type": "Polygon",
        "coordinates": [
          [
            [
              34.9930191,
              31.9028589
            ],
            [
              34.993003,
              31.9032391
            ],
            [
              34.9929065,
              31.9033507
            ],
            [
              34.992773,
              31.9032675
            ],
            [
              34.9928394,
              31.9031908
            ],
            [
              34.9928537,
              31.9028538
            ],
            [
              34.9930191,
              31.9028589
            ]
          ]
        ]
      },
      "id": "way/501621262"
    },
    {
      "type": "Feature",
      "properties": {
        "@id": "way/501621265",
        "addr:housenumber": "47",
        "addr:street": "אבני חושן",
        "building": "apartments",
        "building:levels": "4",
        "roof:shape": "flat"
      },
      "geometry": {
        "type": "Polygon",
        "coordinates": [
          [
            [
              34.992495,
              31.903503
            ],
            [
              34.9926909,
              31.9033309
            ],
            [
              34.9928078,
              31.9034268
            ],
            [
              34.9926118,
              31.9035989
            ],
            [
              34.992495,
              31.903503
            ]
          ]
        ]
      },
      "id": "way/501621265"
    },
    {
      "type": "Feature",
      "properties": {
        "@id": "way/546109443",
        "addr:housenumber": "16",
        "addr:street": "טבת",
        "building": "yes",
        "building:levels": "25",
        "height": "82",
        "name": "מגדל לוינשטין",
        "name:he": "מגדל לוינשטין"
      },
      "geometry": {
        "type": "Polygon",
        "coordinates": [
          [
            [
              35.0077269,
              31.9158737
            ],
            [
              35.0076524,
              31.9157937
            ],
            [
              35.0077589,
              31.9157222
            ],
            [
              35.0077231,
              31.9156837
            ],
            [
              35.0078463,
              31.915601
            ],
            [
              35.007934,
              31.9156952
            ],
            [
              35.0079884,
              31.9156587
            ],
            [
              35.0081025,
              31.9157813
            ],
            [
              35.0079664,
              31.9158727
            ],
            [
              35.0079923,
              31.9159005
            ],
            [
              35.0078849,
              31.9159726
            ],
            [
              35.0077675,
              31.9158465
            ],
            [
              35.0077269,
              31.9158737
            ]
          ]
        ]
      },
      "id": "way/546109443"
    },
    {
      "type": "Feature",
      "properties": {
        "@id": "way/549588204",
        "addr:housenumber": "53",
        "addr:street": "אבני חושן",
        "building": "kindergarten",
        "building:levels": "1",
        "name": "אודם",
        "name:en": "Odem",
        "name:he": "אודם",
        "roof:shape": "flat"
      },
      "geometry": {
        "type": "Polygon",
        "coordinates": [
          [
            [
              34.9913732,
              31.904328
            ],
            [
              34.991445,
              31.9042377
            ],
            [
              34.9918,
              31.904441
            ],
            [
              34.9917283,
              31.9045313
            ],
            [
              34.9913732,
              31.904328
            ]
          ]
        ]
      },
      "id": "way/549588204"
    },
    {
      "type": "Feature",
      "properties": {
        "@id": "way/549588216",
        "addr:housenumber": "55",
        "addr:street": "אבני חושן",
        "building": "school",
        "building:levels": "2",
        "roof:shape": "flat"
      },
      "geometry": {
        "type": "Polygon",
        "coordinates": [
          [
            [
              34.991209,
              31.9050888
            ],
            [
              34.9909926,
              31.9049533
            ],
            [
              34.9911369,
              31.9047873
            ],
            [
              34.9910732,
              31.9047474
            ],
            [
              34.9911123,
              31.9047024
            ],
            [
              34.9911343,
              31.9047162
            ],
            [
              34.9913317,
              31.9044889
            ],
            [
              34.9913983,
              31.9045305
            ],
            [
              34.9913688,
              31.9045645
            ],
            [
              34.9915156,
              31.9046563
            ],
            [
              34.9914853,
              31.9046912
            ],
            [
              34.9915383,
              31.9047244
            ],
            [
              34.9914545,
              31.9048209
            ],
            [
              34.9913663,
              31.9047657
            ],
            [
              34.9912993,
              31.9048429
            ],
            [
              34.9914054,
              31.9049093
            ],
            [
              34.9912822,
              31.9050045
            ],
            [
              34.991209,
              31.9050888
            ]
          ]
        ]
      },
      "id": "way/549588216"
    },
    {
      "type": "Feature",
      "properties": {
        "@id": "way/596636198",
        "addr:city": "מודיעין-מכבים-רעות",
        "addr:housenumber": "11",
        "addr:street": "שקד",
        "building": "yes",
        "building:levels": "3",
        "height": "6"
      },
      "geometry": {
        "type": "Polygon",
        "coordinates": [
          [
            [
              35.0117406,
              31.8919719
            ],
            [
              35.0115171,
              31.8919708
            ],
            [
              35.011518,
              31.8918489
            ],
            [
              35.0117415,
              31.8918501
            ],
            [
              35.0117406,
              31.8919719
            ]
          ]
        ]
      },
      "id": "way/596636198"
    },
    {
      "type": "Feature",
      "properties": {
        "@id": "way/596639218",
        "building": "commercial",
        "building:levels": "1",
        "name:he": "מרכז מסחרי",
        "roof:levels": "1",
        "roof:shape": "flat"
      },
      "geometry": {
        "type": "Polygon",
        "coordinates": [
          [
            [
              35.0184888,
              31.8865933
            ],
            [
              35.0182253,
              31.8867974
            ],
            [
              35.0179912,
              31.8866092
            ],
            [
              35.0179835,
              31.886603
            ],
            [
              35.0176616,
              31.8865893
            ],
            [
              35.0177635,
              31.8864959
            ],
            [
              35.0178815,
              31.8865028
            ],
            [
              35.0178842,
              31.8863866
            ],
            [
              35.0180022,
              31.8863001
            ],
            [
              35.0179928,
              31.8864518
            ],
            [
              35.0181292,
              31.8863269
            ],
            [
              35.0182138,
              31.8863935
            ],
            [
              35.0184381,
              31.8864083
            ],
            [
              35.0185202,
              31.8863148
            ],
            [
              35.0186776,
              31.886447
            ],
            [
              35.0184888,
              31.8865933
            ]
          ]
        ]
      },
      "id": "way/596639218"
    },
    {
      "type": "Feature",
      "properties": {
        "@id": "way/597499204",
        "building": "school",
        "building:levels": "2",
        "roof:levels": "1",
        "roof:shape": "flat"
      },
      "geometry": {
        "type": "Polygon",
        "coordinates": [
          [
            [
              35.0212384,
              31.8855696
            ],
            [
              35.0212395,
              31.8857026
            ],
            [
              35.0209351,
              31.8857043
            ],
            [
              35.0209338,
              31.8855449
            ],
            [
              35.0210421,
              31.8855443
            ],
            [
              35.0210414,
              31.8854548
            ],
            [
              35.0208089,
              31.8854561
            ],
            [
              35.0208068,
              31.885185
            ],
            [
              35.0211117,
              31.8851833
            ],
            [
              35.0211129,
              31.8853364
            ],
            [
              35.0211983,
              31.8853359
            ],
            [
              35.0211981,
              31.8853171
            ],
            [
              35.0214989,
              31.8853154
            ],
            [
              35.0215009,
              31.8855681
            ],
            [
              35.0212384,
              31.8855696
            ]
          ]
        ]
      },
      "id": "way/597499204"
    },
    {
      "type": "Feature",
      "properties": {
        "@id": "way/597501795",
        "building": "retail",
        "building:levels": "1",
        "roof:levels": "1",
        "roof:shape": "flat"
      },
      "geometry": {
        "type": "Polygon",
        "coordinates": [
          [
            [
              35.0338849,
              31.8931675
            ],
            [
              35.0338903,
              31.8928282
            ],
            [
              35.0339708,
              31.8927166
            ],
            [
              35.0339842,
              31.8924684
            ],
            [
              35.0342819,
              31.8924684
            ],
            [
              35.0342873,
              31.8926096
            ],
            [
              35.0343704,
              31.8926005
            ],
            [
              35.034349,
              31.8927462
            ],
            [
              35.0340915,
              31.8927485
            ],
            [
              35.0340968,
              31.8931834
            ],
            [
              35.0338849,
              31.8931675
            ]
          ]
        ]
      },
      "id": "way/597501795"
    },
    {
      "type": "Feature",
      "properties": {
        "@id": "way/597501801",
        "addr:housenumber": "257",
        "addr:street": "גדי",
        "building": "detached",
        "building:levels": "2",
        "roof:shape": "gabled"
      },
      "geometry": {
        "type": "Polygon",
        "coordinates": [
          [
            [
              35.0296739,
              31.8931265
            ],
            [
              35.0295459,
              31.8930568
            ],
            [
              35.029631,
              31.8929443
            ],
            [
              35.0297589,
              31.893014
            ],
            [
              35.0296739,
              31.8931265
            ]
          ]
        ]
      },
      "id": "way/597501801"
    },
    {
      "type": "Feature",
      "properties": {
        "@id": "way/597501802",
        "addr:housenumber": "254",
        "addr:street": "גדי",
        "building": "detached",
        "building:levels": "2",
        "roof:shape": "gabled"
      },
      "geometry": {
        "type": "Polygon",
        "coordinates": [
          [
            [
              35.0294539,
              31.8931766
            ],
            [
              35.0295762,
              31.8932432
            ],
            [
              35.0295129,
              31.8933269
            ],
            [
              35.0293907,
              31.8932603
            ],
            [
              35.0294539,
              31.8931766
            ]
          ]
        ]
      },
      "id": "way/597501802"
    },
    {
      "type": "Feature",
      "properties": {
        "@id": "way/597501807",
        "addr:housenumber": "262",
        "addr:street": "הדורית",
        "building": "detached",
        "building:levels": "2",
        "roof:shape": "gabled"
      },
      "geometry": {
        "type": "Polygon",
        "coordinates": [
          [
            [
              35.0298938,
              31.8928783
            ],
            [
              35.0297719,
              31.8929555
            ],
            [
              35.0297061,
              31.8928806
            ],
            [
              35.0298279,
              31.8928033
            ],
            [
              35.0298938,
              31.8928783
            ]
          ]
        ]
      },
      "id": "way/597501807"
    },
    {
      "type": "Feature",
      "properties": {
        "@id": "way/597501808",
        "addr:housenumber": "267",
        "addr:street": "הדורית",
        "building": "detached",
        "building:levels": "2",
        "roof:shape": "gabled"
      },
      "geometry": {
        "type": "Polygon",
        "coordinates": [
          [
            [
              35.0299662,
              31.8926961
            ],
            [
              35.0300894,
              31.892618
            ],
            [
              35.0301701,
              31.8927098
            ],
            [
              35.0300469,
              31.8927878
            ],
            [
              35.0299662,
              31.8926961
            ]
          ]
        ]
      },
      "id": "way/597501808"
    },
    {
      "type": "Feature",
      "properties": {
        "@id": "way/597501811",
        "addr:housenumber": "283",
        "addr:street": "טבלן",
        "building": "detached",
        "building:levels": "2",
        "roof:shape": "gabled"
      },
      "geometry": {
        "type": "Polygon",
        "coordinates": [
          [
            [
              35.0310096,
              31.8923181
            ],
            [
              35.0311279,
              31.8923048
            ],
            [
              35.0311491,
              31.892441
            ],
            [
              35.0310308,
              31.8924543
            ],
            [
              35.0310096,
              31.8923181
            ]
          ]
        ]
      },
      "id": "way/597501811"
    },
    {
      "type": "Feature",
      "properties": {
        "@id": "way/597501816",
        "addr:housenumber": "278",
        "addr:street": "טבלן",
        "building": "detached",
        "building:levels": "2",
        "roof:shape": "gabled"
      },
      "geometry": {
        "type": "Polygon",
        "coordinates": [
          [
            [
              35.0308299,
              31.8924957
            ],
            [
              35.0307176,
              31.8925083
            ],
            [
              35.0307012,
              31.8924023
            ],
            [
              35.0308134,
              31.8923897
            ],
            [
              35.0308299,
              31.8924957
            ]
          ]
        ]
      },
      "id": "way/597501816"
    },
    {
      "type": "Feature",
      "properties": {
        "@id": "way/597501819",
        "building": "detached",
        "building:levels": "2",
        "roof:shape": "gabled"
      },
      "geometry": {
        "type": "Polygon",
        "coordinates": [
          [
            [
              35.0303552,
              31.8926392
            ],
            [
              35.0302351,
              31.8926862
            ],
            [
              35.0301674,
              31.8925617
            ],
            [
              35.0302875,
              31.8925147
            ],
            [
              35.0303552,
              31.8926392
            ]
          ]
        ]
      },
      "id": "way/597501819"
    },
    {
      "type": "Feature",
      "properties": {
        "@id": "way/597501820",
        "building": "detached",
        "building:levels": "2",
        "roof:shape": "gabled"
      },
      "geometry": {
        "type": "Polygon",
        "coordinates": [
          [
            [
              35.0304544,
              31.892457
            ],
            [
              35.0305864,
              31.8924053
            ],
            [
              35.0306529,
              31.8925276
            ],
            [
              35.0305209,
              31.8925793
            ],
            [
              35.0304544,
              31.892457
            ]
          ]
        ]
      },
      "id": "way/597501820"
    },
    {
      "type": "Feature",
      "properties": {
        "@id": "way/597501823",
        "addr:housenumber": "298",
        "addr:street": "לביא",
        "building": "detached",
        "building:levels": "2",
        "roof:shape": "gabled"
      },
      "geometry": {
        "type": "Polygon",
        "coordinates": [
          [
            [
              35.0327705,
              31.8920402
            ],
            [
              35.0328982,
              31.8920418
            ],
            [
              35.0328965,
              31.8921404
            ],
            [
              35.0327688,
              31.8921389
            ],
            [
              35.0327705,
              31.8920402
            ]
          ]
        ]
      },
      "id": "way/597501823"
    },
    {
      "type": "Feature",
      "properties": {
        "@id": "way/597501824",
        "addr:housenumber": "297",
        "addr:street": "לביא",
        "building": "detached",
        "building:levels": "2",
        "roof:shape": "gabled"
      },
      "geometry": {
        "type": "Polygon",
        "coordinates": [
          [
            [
              35.0325318,
              31.8920972
            ],
            [
              35.0326595,
              31.8920987
            ],
            [
              35.0326578,
              31.8921974
            ],
            [
              35.0325301,
              31.8921958
            ],
            [
              35.0325318,
              31.8920972
            ]
          ]
        ]
      },
      "id": "way/597501824"
    },
    {
      "type": "Feature",
      "properties": {
        "@id": "way/597501825",
        "addr:housenumber": "296",
        "addr:street": "לביא",
        "building": "detached",
        "building:levels": "2",
        "roof:shape": "gabled"
      },
      "geometry": {
        "type": "Polygon",
        "coordinates": [
          [
            [
              35.0322984,
              31.8921063
            ],
            [
              35.0324261,
              31.8921078
            ],
            [
              35.0324245,
              31.8922065
            ],
            [
              35.0322968,
              31.8922049
            ],
            [
              35.0322984,
              31.8921063
            ]
          ]
        ]
      },
      "id": "way/597501825"
    },
    {
      "type": "Feature",
      "properties": {
        "@id": "way/597501826",
        "addr:housenumber": "294",
        "addr:street": "לביא",
        "building": "detached",
        "building:levels": "2",
        "roof:shape": "gabled"
      },
      "geometry": {
        "type": "Polygon",
        "coordinates": [
          [
            [
              35.0317807,
              31.8920698
            ],
            [
              35.0319085,
              31.8920714
            ],
            [
              35.0319068,
              31.89217
            ],
            [
              35.0317791,
              31.8921685
            ],
            [
              35.0317807,
              31.8920698
            ]
          ]
        ]
      },
      "id": "way/597501826"
    },
    {
      "type": "Feature",
      "properties": {
        "@id": "way/597501827",
        "addr:housenumber": "295",
        "addr:street": "לביא",
        "building": "detached",
        "building:levels": "2",
        "roof:shape": "gabled"
      },
      "geometry": {
        "type": "Polygon",
        "coordinates": [
          [
            [
              35.0320356,
              31.8920972
            ],
            [
              35.0321633,
              31.8920987
            ],
            [
              35.0321616,
              31.8921974
            ],
            [
              35.0320339,
              31.8921958
            ],
            [
              35.0320356,
              31.8920972
            ]
          ]
        ]
      },
      "id": "way/597501827"
    },
    {
      "type": "Feature",
      "properties": {
        "@id": "way/597501828",
        "addr:housenumber": "302",
        "addr:street": "לביא",
        "building": "detached",
        "building:levels": "2",
        "roof:shape": "gabled"
      },
      "geometry": {
        "type": "Polygon",
        "coordinates": [
          [
            [
              35.0317861,
              31.8918171
            ],
            [
              35.0319138,
              31.8918186
            ],
            [
              35.0319122,
              31.8919173
            ],
            [
              35.0317845,
              31.8919157
            ],
            [
              35.0317861,
              31.8918171
            ]
          ]
        ]
      },
      "id": "way/597501828"
    },
    {
      "type": "Feature",
      "properties": {
        "@id": "way/597501829",
        "addr:housenumber": "301",
        "addr:street": "לביא",
        "building": "detached",
        "building:levels": "2",
        "roof:shape": "gabled"
      },
      "geometry": {
        "type": "Polygon",
        "coordinates": [
          [
            [
              35.0320463,
              31.8917852
            ],
            [
              35.032174,
              31.8917867
            ],
            [
              35.0321723,
              31.8918854
            ],
            [
              35.0320446,
              31.8918838
            ],
            [
              35.0320463,
              31.8917852
            ]
          ]
        ]
      },
      "id": "way/597501829"
    },
    {
      "type": "Feature",
      "properties": {
        "@id": "way/597501830",
        "addr:housenumber": "300",
        "addr:street": "לביא",
        "building": "detached",
        "building:levels": "2",
        "roof:shape": "hipped"
      },
      "geometry": {
        "type": "Polygon",
        "coordinates": [
          [
            [
              35.0323829,
              31.8917966
            ],
            [
              35.0324813,
              31.8917977
            ],
            [
              35.0324795,
              31.8919082
            ],
            [
              35.0323811,
              31.891907
            ],
            [
              35.0323829,
              31.8917966
            ]
          ]
        ]
      },
      "id": "way/597501830"
    },
    {
      "type": "Feature",
      "properties": {
        "@id": "way/597501831",
        "addr:housenumber": "300",
        "addr:street": "לביא",
        "building": "detached",
        "building:levels": "2",
        "roof:shape": "gabled"
      },
      "geometry": {
        "type": "Polygon",
        "coordinates": [
          [
            [
              35.0325371,
              31.8917988
            ],
            [
              35.0326648,
              31.8918004
            ],
            [
              35.0326632,
              31.891899
            ],
            [
              35.0325355,
              31.8918975
            ],
            [
              35.0325371,
              31.8917988
            ]
          ]
        ]
      },
      "id": "way/597501831"
    },
    {
      "type": "Feature",
      "properties": {
        "@id": "way/597501832",
        "addr:housenumber": "299",
        "addr:street": "לביא",
        "building": "detached",
        "building:levels": "2",
        "roof:shape": "gabled"
      },
      "geometry": {
        "type": "Polygon",
        "coordinates": [
          [
            [
              35.0328054,
              31.8917875
            ],
            [
              35.0329331,
              31.891789
            ],
            [
              35.0329314,
              31.8918877
            ],
            [
              35.0328037,
              31.8918861
            ],
            [
              35.0328054,
              31.8917875
            ]
          ]
        ]
      },
      "id": "way/597501832"
    },
    {
      "type": "Feature",
      "properties": {
        "@id": "way/597501833",
        "addr:housenumber": "308",
        "addr:street": "מרומית",
        "building": "detached",
        "building:levels": "2",
        "roof:shape": "gabled"
      },
      "geometry": {
        "type": "Polygon",
        "coordinates": [
          [
            [
              35.0327839,
              31.8913411
            ],
            [
              35.0329116,
              31.8913426
            ],
            [
              35.03291,
              31.8914413
            ],
            [
              35.0327822,
              31.8914398
            ],
            [
              35.0327839,
              31.8913411
            ]
          ]
        ]
      },
      "id": "way/597501833"
    },
    {
      "type": "Feature",
      "properties": {
        "@id": "way/597501834",
        "addr:housenumber": "307",
        "addr:street": "מרומית",
        "building": "detached",
        "building:levels": "2",
        "roof:shape": "gabled"
      },
      "geometry": {
        "type": "Polygon",
        "coordinates": [
          [
            [
              35.0328134,
              31.8916053
            ],
            [
              35.0329411,
              31.8916068
            ],
            [
              35.0329395,
              31.8917055
            ],
            [
              35.0328118,
              31.8917039
            ],
            [
              35.0328134,
              31.8916053
            ]
          ]
        ]
      },
      "id": "way/597501834"
    },
    {
      "type": "Feature",
      "properties": {
        "@id": "way/597501835",
        "addr:housenumber": "306",
        "addr:street": "מרומית",
        "building": "detached",
        "building:levels": "2",
        "roof:shape": "gabled"
      },
      "geometry": {
        "type": "Polygon",
        "coordinates": [
          [
            [
              35.0325586,
              31.8915734
            ],
            [
              35.0326863,
              31.8915749
            ],
            [
              35.0326847,
              31.8916736
            ],
            [
              35.0325569,
              31.8916721
            ],
            [
              35.0325586,
              31.8915734
            ]
          ]
        ]
      },
      "id": "way/597501835"
    },
    {
      "type": "Feature",
      "properties": {
        "@id": "way/597501836",
        "addr:housenumber": "305",
        "addr:street": "מרומית",
        "building": "detached",
        "building:levels": "2",
        "roof:shape": "gabled"
      },
      "geometry": {
        "type": "Polygon",
        "coordinates": [
          [
            [
              35.0323145,
              31.8915688
            ],
            [
              35.0324422,
              31.8915704
            ],
            [
              35.0324406,
              31.891669
            ],
            [
              35.0323129,
              31.8916675
            ],
            [
              35.0323145,
              31.8915688
            ]
          ]
        ]
      },
      "id": "way/597501836"
    },
    {
      "type": "Feature",
      "properties": {
        "@id": "way/597501837",
        "addr:housenumber": "304",
        "addr:street": "מרומית",
        "building": "detached",
        "building:levels": "2",
        "roof:shape": "gabled"
      },
      "geometry": {
        "type": "Polygon",
        "coordinates": [
          [
            [
              35.0320409,
              31.8915688
            ],
            [
              35.0321686,
              31.8915704
            ],
            [
              35.032167,
              31.891669
            ],
            [
              35.0320393,
              31.8916675
            ],
            [
              35.0320409,
              31.8915688
            ]
          ]
        ]
      },
      "id": "way/597501837"
    },
    {
      "type": "Feature",
      "properties": {
        "@id": "way/597501838",
        "addr:housenumber": "303",
        "addr:street": "מרומית",
        "building": "detached",
        "building:levels": "2",
        "roof:shape": "gabled"
      },
      "geometry": {
        "type": "Polygon",
        "coordinates": [
          [
            [
              35.0318076,
              31.8915438
            ],
            [
              35.0319353,
              31.8915453
            ],
            [
              35.0319336,
              31.891644
            ],
            [
              35.0318059,
              31.8916425
            ],
            [
              35.0318076,
              31.8915438
            ]
          ]
        ]
      },
      "id": "way/597501838"
    },
    {
      "type": "Feature",
      "properties": {
        "@id": "way/597501839",
        "addr:housenumber": "309",
        "addr:street": "מרומית",
        "building": "detached",
        "building:levels": "2",
        "roof:shape": "gabled"
      },
      "geometry": {
        "type": "Polygon",
        "coordinates": [
          [
            [
              35.0325586,
              31.8912842
            ],
            [
              35.0326863,
              31.8912857
            ],
            [
              35.0326847,
              31.8913844
            ],
            [
              35.0325569,
              31.8913828
            ],
            [
              35.0325586,
              31.8912842
            ]
          ]
        ]
      },
      "id": "way/597501839"
    },
    {
      "type": "Feature",
      "properties": {
        "@id": "way/597501841",
        "addr:housenumber": "310",
        "addr:street": "מרומית",
        "building": "detached",
        "building:levels": "2",
        "roof:shape": "flat"
      },
      "geometry": {
        "type": "Polygon",
        "coordinates": [
          [
            [
              35.0323038,
              31.8912751
            ],
            [
              35.0324315,
              31.8912766
            ],
            [
              35.0324298,
              31.8913753
            ],
            [
              35.0323021,
              31.8913737
            ],
            [
              35.0323038,
              31.8912751
            ]
          ]
        ]
      },
      "id": "way/597501841"
    },
    {
      "type": "Feature",
      "properties": {
        "@id": "way/597501843",
        "addr:housenumber": "311",
        "addr:street": "מרומית",
        "building": "detached",
        "building:levels": "2",
        "roof:shape": "gabled"
      },
      "geometry": {
        "type": "Polygon",
        "coordinates": [
          [
            [
              35.0320356,
              31.8912705
            ],
            [
              35.0321633,
              31.891272
            ],
            [
              35.0321616,
              31.8913707
            ],
            [
              35.0320339,
              31.8913692
            ],
            [
              35.0320356,
              31.8912705
            ]
          ]
        ]
      },
      "id": "way/597501843"
    },
    {
      "type": "Feature",
      "properties": {
        "@id": "way/597501845",
        "addr:housenumber": "312",
        "addr:street": "מרומית",
        "building": "detached",
        "building:levels": "2",
        "roof:shape": "gabled"
      },
      "geometry": {
        "type": "Polygon",
        "coordinates": [
          [
            [
              35.0318049,
              31.8912751
            ],
            [
              35.0319326,
              31.8912766
            ],
            [
              35.031931,
              31.8913753
            ],
            [
              35.0318032,
              31.8913737
            ],
            [
              35.0318049,
              31.8912751
            ]
          ]
        ]
      },
      "id": "way/597501845"
    },
    {
      "type": "Feature",
      "properties": {
        "@id": "way/597501847",
        "addr:housenumber": "313",
        "addr:street": "נקר",
        "building": "detached",
        "building:levels": "2",
        "roof:shape": "gabled"
      },
      "geometry": {
        "type": "Polygon",
        "coordinates": [
          [
            [
              35.0318022,
              31.890954
            ],
            [
              35.0319299,
              31.8909555
            ],
            [
              35.0319283,
              31.8910542
            ],
            [
              35.0318006,
              31.8910526
            ],
            [
              35.0318022,
              31.890954
            ]
          ]
        ]
      },
      "id": "way/597501847"
    },
    {
      "type": "Feature",
      "properties": {
        "@id": "way/597501849",
        "addr:housenumber": "322",
        "addr:street": "נקר",
        "building": "detached",
        "building:levels": "2",
        "roof:shape": "gabled"
      },
      "geometry": {
        "type": "Polygon",
        "coordinates": [
          [
            [
              35.0318076,
              31.8906306
            ],
            [
              35.0319353,
              31.8906321
            ],
            [
              35.0319336,
              31.8907308
            ],
            [
              35.0318059,
              31.8907292
            ],
            [
              35.0318076,
              31.8906306
            ]
          ]
        ]
      },
      "id": "way/597501849"
    },
    {
      "type": "Feature",
      "properties": {
        "@id": "way/597501851",
        "addr:housenumber": "319",
        "addr:street": "נקר",
        "building": "detached",
        "building:levels": "2",
        "roof:shape": "gabled"
      },
      "geometry": {
        "type": "Polygon",
        "coordinates": [
          [
            [
              35.0325586,
              31.8906647
            ],
            [
              35.0326863,
              31.8906663
            ],
            [
              35.0326847,
              31.8907649
            ],
            [
              35.0325569,
              31.8907634
            ],
            [
              35.0325586,
              31.8906647
            ]
          ]
        ]
      },
      "id": "way/597501851"
    },
    {
      "type": "Feature",
      "properties": {
        "@id": "way/597501853",
        "addr:housenumber": "320",
        "addr:street": "נקר",
        "building": "detached",
        "building:levels": "2",
        "roof:shape": "gabled"
      },
      "geometry": {
        "type": "Polygon",
        "coordinates": [
          [
            [
              35.032293,
              31.8906533
            ],
            [
              35.0324208,
              31.8906549
            ],
            [
              35.0324191,
              31.8907535
            ],
            [
              35.0322914,
              31.890752
            ],
            [
              35.032293,
              31.8906533
            ]
          ]
        ]
      },
      "id": "way/597501853"
    },
    {
      "type": "Feature",
      "properties": {
        "@id": "way/597501855",
        "addr:housenumber": "321",
        "addr:street": "נקר",
        "building": "detached",
        "building:levels": "2",
        "roof:shape": "gabled"
      },
      "geometry": {
        "type": "Polygon",
        "coordinates": [
          [
            [
              35.0320409,
              31.8906556
            ],
            [
              35.0321686,
              31.8906572
            ],
            [
              35.032167,
              31.8907558
            ],
            [
              35.0320393,
              31.8907543
            ],
            [
              35.0320409,
              31.8906556
            ]
          ]
        ]
      },
      "id": "way/597501855"
    },
    {
      "type": "Feature",
      "properties": {
        "@id": "way/597501857",
        "addr:housenumber": "314",
        "addr:street": "נקר",
        "building": "detached",
        "building:levels": "2",
        "roof:shape": "gabled"
      },
      "geometry": {
        "type": "Polygon",
        "coordinates": [
          [
            [
              35.0320356,
              31.890954
            ],
            [
              35.0321633,
              31.8909555
            ],
            [
              35.0321616,
              31.8910542
            ],
            [
              35.0320339,
              31.8910526
            ],
            [
              35.0320356,
              31.890954
            ]
          ]
        ]
      },
      "id": "way/597501857"
    },
    {
      "type": "Feature",
      "properties": {
        "@id": "way/597501859",
        "addr:housenumber": "315",
        "addr:street": "נקר",
        "building": "detached",
        "building:levels": "2",
        "roof:shape": "gabled"
      },
      "geometry": {
        "type": "Polygon",
        "coordinates": [
          [
            [
              35.0323065,
              31.8909517
            ],
            [
              35.0324342,
              31.8909532
            ],
            [
              35.0324325,
              31.8910519
            ],
            [
              35.0323048,
              31.8910503
            ],
            [
              35.0323065,
              31.8909517
            ]
          ]
        ]
      },
      "id": "way/597501859"
    },
    {
      "type": "Feature",
      "properties": {
        "@id": "way/597501861",
        "addr:housenumber": "316",
        "addr:street": "נקר",
        "building": "detached",
        "building:levels": "2",
        "roof:shape": "gabled"
      },
      "geometry": {
        "type": "Polygon",
        "coordinates": [
          [
            [
              35.0325613,
              31.8909562
            ],
            [
              35.032689,
              31.8909578
            ],
            [
              35.0326873,
              31.8910564
            ],
            [
              35.0325596,
              31.8910549
            ],
            [
              35.0325613,
              31.8909562
            ]
          ]
        ]
      },
      "id": "way/597501861"
    },
    {
      "type": "Feature",
      "properties": {
        "@id": "way/597501864",
        "addr:housenumber": "317",
        "addr:street": "נקר",
        "building": "detached",
        "building:levels": "2",
        "roof:shape": "gabled"
      },
      "geometry": {
        "type": "Polygon",
        "coordinates": [
          [
            [
              35.0328161,
              31.8909175
            ],
            [
              35.0329438,
              31.8909191
            ],
            [
              35.0329421,
              31.8910177
            ],
            [
              35.0328144,
              31.8910162
            ],
            [
              35.0328161,
              31.8909175
            ]
          ]
        ]
      },
      "id": "way/597501864"
    },
    {
      "type": "Feature",
      "properties": {
        "@id": "way/597501866",
        "addr:housenumber": "318",
        "addr:street": "נקר",
        "building": "detached",
        "building:levels": "2",
        "roof:shape": "gabled"
      },
      "geometry": {
        "type": "Polygon",
        "coordinates": [
          [
            [
              35.0328134,
              31.8907148
            ],
            [
              35.0329411,
              31.8907164
            ],
            [
              35.0329395,
              31.890815
            ],
            [
              35.0328118,
              31.8908135
            ],
            [
              35.0328134,
              31.8907148
            ]
          ]
        ]
      },
      "id": "way/597501866"
    },
    {
      "type": "Feature",
      "properties": {
        "@id": "way/597501868",
        "addr:housenumber": "326",
        "addr:street": "סנונית",
        "building": "detached",
        "building:levels": "2",
        "roof:shape": "gabled"
      },
      "geometry": {
        "type": "Polygon",
        "coordinates": [
          [
            [
              35.0327986,
              31.8903664
            ],
            [
              35.0329264,
              31.8903679
            ],
            [
              35.0329247,
              31.8904666
            ],
            [
              35.032797,
              31.8904651
            ],
            [
              35.0327986,
              31.8903664
            ]
          ]
        ]
      },
      "id": "way/597501868"
    },
    {
      "type": "Feature",
      "properties": {
        "@id": "way/597501869",
        "addr:housenumber": "325",
        "addr:street": "סנונית",
        "building": "detached",
        "building:levels": "2",
        "roof:shape": "gabled"
      },
      "geometry": {
        "type": "Polygon",
        "coordinates": [
          [
            [
              35.0325626,
              31.8905395
            ],
            [
              35.0325646,
              31.8904217
            ],
            [
              35.0327021,
              31.8904233
            ],
            [
              35.0327001,
              31.8905411
            ],
            [
              35.0325626,
              31.8905395
            ]
          ]
        ]
      },
      "id": "way/597501869"
    },
    {
      "type": "Feature",
      "properties": {
        "@id": "way/597501870",
        "addr:housenumber": "325",
        "addr:street": "סנונית",
        "building": "detached",
        "building:levels": "2",
        "roof:shape": "gabled"
      },
      "geometry": {
        "type": "Polygon",
        "coordinates": [
          [
            [
              35.0323614,
              31.8904507
            ],
            [
              35.0324915,
              31.8904522
            ],
            [
              35.0324902,
              31.8905326
            ],
            [
              35.0323601,
              31.8905311
            ],
            [
              35.0323614,
              31.8904507
            ]
          ]
        ]
      },
      "id": "way/597501870"
    },
    {
      "type": "Feature",
      "properties": {
        "@id": "way/597501871",
        "addr:housenumber": "324",
        "addr:street": "סנונית",
        "building": "detached",
        "building:levels": "2",
        "roof:shape": "gabled"
      },
      "geometry": {
        "type": "Polygon",
        "coordinates": [
          [
            [
              35.0321469,
              31.8905281
            ],
            [
              35.0321489,
              31.8904035
            ],
            [
              35.0322863,
              31.8904051
            ],
            [
              35.0322843,
              31.8905297
            ],
            [
              35.0321469,
              31.8905281
            ]
          ]
        ]
      },
      "id": "way/597501871"
    },
    {
      "type": "Feature",
      "properties": {
        "@id": "way/597501872",
        "addr:housenumber": "323",
        "addr:street": "סנונית",
        "building": "detached",
        "building:levels": "2",
        "roof:shape": "gabled"
      },
      "geometry": {
        "type": "Polygon",
        "coordinates": [
          [
            [
              35.0318062,
              31.8904074
            ],
            [
              35.0319126,
              31.8904087
            ],
            [
              35.0319108,
              31.8905167
            ],
            [
              35.0318044,
              31.8905154
            ],
            [
              35.0318062,
              31.8904074
            ]
          ]
        ]
      },
      "id": "way/597501872"
    },
    {
      "type": "Feature",
      "properties": {
        "@id": "way/597501873",
        "addr:housenumber": "330",
        "addr:street": "סנונית",
        "building": "detached",
        "building:levels": "2",
        "roof:shape": "gabled"
      },
      "geometry": {
        "type": "Polygon",
        "coordinates": [
          [
            [
              35.0321898,
              31.8902252
            ],
            [
              35.0320403,
              31.8902234
            ],
            [
              35.0320423,
              31.8901045
            ],
            [
              35.0321918,
              31.8901063
            ],
            [
              35.0321898,
              31.8902252
            ]
          ]
        ]
      },
      "id": "way/597501873"
    },
    {
      "type": "Feature",
      "properties": {
        "@id": "way/597501874",
        "addr:housenumber": "329",
        "addr:street": "סנונית",
        "building": "detached",
        "building:levels": "2",
        "roof:shape": "gabled"
      },
      "geometry": {
        "type": "Polygon",
        "coordinates": [
          [
            [
              35.0324178,
              31.8901022
            ],
            [
              35.032416,
              31.8902109
            ],
            [
              35.0322783,
              31.8902093
            ],
            [
              35.0322801,
              31.8901006
            ],
            [
              35.0324178,
              31.8901022
            ]
          ]
        ]
      },
      "id": "way/597501874"
    },
    {
      "type": "Feature",
      "properties": {
        "@id": "way/597501875",
        "addr:housenumber": "328",
        "addr:street": "סנונית",
        "building": "detached",
        "building:levels": "2",
        "roof:shape": "gabled"
      },
      "geometry": {
        "type": "Polygon",
        "coordinates": [
          [
            [
              35.0327021,
              31.8902298
            ],
            [
              35.0325633,
              31.8902281
            ],
            [
              35.0325653,
              31.8901091
            ],
            [
              35.0327041,
              31.8901107
            ],
            [
              35.0327021,
              31.8902298
            ]
          ]
        ]
      },
      "id": "way/597501875"
    },
    {
      "type": "Feature",
      "properties": {
        "@id": "way/597501876",
        "addr:housenumber": "327",
        "addr:street": "סנונית",
        "building": "detached",
        "building:levels": "2",
        "roof:shape": "gabled"
      },
      "geometry": {
        "type": "Polygon",
        "coordinates": [
          [
            [
              35.032922,
              31.8901136
            ],
            [
              35.0329196,
              31.8902609
            ],
            [
              35.0327933,
              31.8902594
            ],
            [
              35.0327957,
              31.8901121
            ],
            [
              35.032922,
              31.8901136
            ]
          ]
        ]
      },
      "id": "way/597501876"
    },
    {
      "type": "Feature",
      "properties": {
        "@id": "way/597501877",
        "addr:housenumber": "370",
        "addr:street": "פשוש",
        "building": "detached",
        "building:levels": "2",
        "roof:shape": "skillion"
      },
      "geometry": {
        "type": "Polygon",
        "coordinates": [
          [
            [
              35.0327584,
              31.8897811
            ],
            [
              35.0329022,
              31.8897828
            ],
            [
              35.0329006,
              31.8898813
            ],
            [
              35.0327568,
              31.8898796
            ],
            [
              35.0327584,
              31.8897811
            ]
          ]
        ]
      },
      "id": "way/597501877"
    },
    {
      "type": "Feature",
      "properties": {
        "@id": "way/597501878",
        "addr:housenumber": "369",
        "addr:street": "פשוש",
        "building": "detached",
        "building:levels": "2",
        "roof:shape": "gabled"
      },
      "geometry": {
        "type": "Polygon",
        "coordinates": [
          [
            [
              35.0325224,
              31.8897834
            ],
            [
              35.0327014,
              31.8897855
            ],
            [
              35.0326994,
              31.8899064
            ],
            [
              35.0325204,
              31.8899042
            ],
            [
              35.0325224,
              31.8897834
            ]
          ]
        ]
      },
      "id": "way/597501878"
    },
    {
      "type": "Feature",
      "properties": {
        "@id": "way/597501879",
        "addr:housenumber": "368",
        "addr:street": "פשוש",
        "building": "detached",
        "building:levels": "2",
        "roof:shape": "skillion"
      },
      "geometry": {
        "type": "Polygon",
        "coordinates": [
          [
            [
              35.0322649,
              31.8898768
            ],
            [
              35.0322665,
              31.8897818
            ],
            [
              35.0323963,
              31.8897834
            ],
            [
              35.0323947,
              31.8898783
            ],
            [
              35.0322649,
              31.8898768
            ]
          ]
        ]
      },
      "id": "way/597501879"
    },
    {
      "type": "Feature",
      "properties": {
        "@id": "way/597501880",
        "addr:housenumber": "367",
        "addr:street": "פשוש",
        "building": "detached",
        "building:levels": "2",
        "roof:shape": "gabled"
      },
      "geometry": {
        "type": "Polygon",
        "coordinates": [
          [
            [
              35.0320047,
              31.8897766
            ],
            [
              35.0321298,
              31.8897781
            ],
            [
              35.0321281,
              31.889879
            ],
            [
              35.032003,
              31.8898775
            ],
            [
              35.0320047,
              31.8897766
            ]
          ]
        ]
      },
      "id": "way/597501880"
    },
    {
      "type": "Feature",
      "properties": {
        "@id": "way/597501881",
        "addr:housenumber": "352",
        "addr:street": "עגור",
        "building": "detached",
        "building:levels": "2",
        "roof:shape": "gabled"
      },
      "geometry": {
        "type": "Polygon",
        "coordinates": [
          [
            [
              35.0303173,
              31.8902719
            ],
            [
              35.0301624,
              31.89027
            ],
            [
              35.0301644,
              31.8901489
            ],
            [
              35.0303193,
              31.8901508
            ],
            [
              35.0303173,
              31.8902719
            ]
          ]
        ]
      },
      "id": "way/597501881"
    },
    {
      "type": "Feature",
      "properties": {
        "@id": "way/597501882",
        "addr:housenumber": "357",
        "addr:street": "עגור",
        "building": "detached",
        "building:levels": "2",
        "roof:shape": "gabled"
      },
      "geometry": {
        "type": "Polygon",
        "coordinates": [
          [
            [
              35.030564,
              31.8901398
            ],
            [
              35.0305618,
              31.8902737
            ],
            [
              35.0304085,
              31.8902719
            ],
            [
              35.0304107,
              31.890138
            ],
            [
              35.030564,
              31.8901398
            ]
          ]
        ]
      },
      "id": "way/597501882"
    },
    {
      "type": "Feature",
      "properties": {
        "@id": "way/597501883",
        "addr:housenumber": "364",
        "addr:street": "עגור",
        "building": "detached",
        "building:levels": "2",
        "roof:shape": "gabled"
      },
      "geometry": {
        "type": "Polygon",
        "coordinates": [
          [
            [
              35.0315729,
              31.8901512
            ],
            [
              35.0315706,
              31.8902851
            ],
            [
              35.0314173,
              31.8902833
            ],
            [
              35.0314195,
              31.8901493
            ],
            [
              35.0315729,
              31.8901512
            ]
          ]
        ]
      },
      "id": "way/597501883"
    },
    {
      "type": "Feature",
      "properties": {
        "@id": "way/597501884",
        "addr:housenumber": "358",
        "addr:street": "עגור",
        "building": "detached",
        "building:levels": "2",
        "roof:shape": "gabled"
      },
      "geometry": {
        "type": "Polygon",
        "coordinates": [
          [
            [
              35.0309825,
              31.890281
            ],
            [
              35.0308276,
              31.8902791
            ],
            [
              35.0308296,
              31.890158
            ],
            [
              35.0309845,
              31.8901599
            ],
            [
              35.0309825,
              31.890281
            ]
          ]
        ]
      },
      "id": "way/597501884"
    },
    {
      "type": "Feature",
      "properties": {
        "@id": "way/597501885",
        "addr:housenumber": "363",
        "addr:street": "עגור",
        "building": "detached",
        "building:levels": "2",
        "roof:shape": "gabled"
      },
      "geometry": {
        "type": "Polygon",
        "coordinates": [
          [
            [
              35.0312292,
              31.8901489
            ],
            [
              35.031227,
              31.8902828
            ],
            [
              35.0310737,
              31.890281
            ],
            [
              35.0310759,
              31.8901471
            ],
            [
              35.0312292,
              31.8901489
            ]
          ]
        ]
      },
      "id": "way/597501885"
    },
    {
      "type": "Feature",
      "properties": {
        "@id": "way/597501886",
        "addr:housenumber": "351",
        "addr:street": "עגור",
        "building": "detached",
        "building:levels": "2",
        "roof:shape": "gabled"
      },
      "geometry": {
        "type": "Polygon",
        "coordinates": [
          [
            [
              35.0300065,
              31.8901489
            ],
            [
              35.0300042,
              31.8902828
            ],
            [
              35.0298509,
              31.890281
            ],
            [
              35.0298531,
              31.8901471
            ],
            [
              35.0300065,
              31.8901489
            ]
          ]
        ]
      },
      "id": "way/597501886"
    },
    {
      "type": "Feature",
      "properties": {
        "@id": "way/597501887",
        "addr:housenumber": "346",
        "addr:street": "עגור",
        "building": "detached",
        "building:levels": "2",
        "roof:shape": "gabled"
      },
      "geometry": {
        "type": "Polygon",
        "coordinates": [
          [
            [
              35.0299796,
              31.8913161
            ],
            [
              35.0299774,
              31.89145
            ],
            [
              35.0298241,
              31.8914481
            ],
            [
              35.0298263,
              31.8913142
            ],
            [
              35.0299796,
              31.8913161
            ]
          ]
        ]
      },
      "id": "way/597501887"
    },
    {
      "type": "Feature",
      "properties": {
        "@id": "way/597501888",
        "addr:housenumber": "333",
        "addr:street": "עגור",
        "building": "detached",
        "building:levels": "2",
        "roof:shape": "skillion"
      },
      "geometry": {
        "type": "Polygon",
        "coordinates": [
          [
            [
              35.0315461,
              31.8913183
            ],
            [
              35.0315438,
              31.8914523
            ],
            [
              35.0313905,
              31.8914504
            ],
            [
              35.0313927,
              31.8913165
            ],
            [
              35.0315461,
              31.8913183
            ]
          ]
        ]
      },
      "id": "way/597501888"
    },
    {
      "type": "Feature",
      "properties": {
        "@id": "way/597501889",
        "addr:housenumber": "339",
        "addr:street": "עגור",
        "building": "detached",
        "building:levels": "2",
        "roof:shape": "gabled"
      },
      "geometry": {
        "type": "Polygon",
        "coordinates": [
          [
            [
              35.0309556,
              31.8914481
            ],
            [
              35.0308007,
              31.8914463
            ],
            [
              35.0308027,
              31.8913252
            ],
            [
              35.0309577,
              31.891327
            ],
            [
              35.0309556,
              31.8914481
            ]
          ]
        ]
      },
      "id": "way/597501889"
    },
    {
      "type": "Feature",
      "properties": {
        "@id": "way/597501890",
        "addr:housenumber": "334",
        "addr:street": "עגור",
        "building": "detached",
        "building:levels": "2",
        "roof:shape": "gabled"
      },
      "geometry": {
        "type": "Polygon",
        "coordinates": [
          [
            [
              35.0312024,
              31.8913161
            ],
            [
              35.0312002,
              31.89145
            ],
            [
              35.0310468,
              31.8914481
            ],
            [
              35.0310491,
              31.8913142
            ],
            [
              35.0312024,
              31.8913161
            ]
          ]
        ]
      },
      "id": "way/597501890"
    },
    {
      "type": "Feature",
      "properties": {
        "@id": "way/597501891",
        "addr:housenumber": "345",
        "addr:street": "עגור",
        "building": "detached",
        "building:levels": "2",
        "roof:shape": "hipped"
      },
      "geometry": {
        "type": "Polygon",
        "coordinates": [
          [
            [
              35.0302904,
              31.891439
            ],
            [
              35.0301355,
              31.8914372
            ],
            [
              35.0301376,
              31.8913161
            ],
            [
              35.0302925,
              31.8913179
            ],
            [
              35.0302904,
              31.891439
            ]
          ]
        ]
      },
      "id": "way/597501891"
    },
    {
      "type": "Feature",
      "properties": {
        "@id": "way/597501892",
        "addr:housenumber": "340",
        "addr:street": "עגור",
        "building": "detached",
        "building:levels": "2",
        "roof:shape": "gabled"
      },
      "geometry": {
        "type": "Polygon",
        "coordinates": [
          [
            [
              35.0305372,
              31.8913069
            ],
            [
              35.030535,
              31.8914409
            ],
            [
              35.0303816,
              31.891439
            ],
            [
              35.0303839,
              31.8913051
            ],
            [
              35.0305372,
              31.8913069
            ]
          ]
        ]
      },
      "id": "way/597501892"
    },
    {
      "type": "Feature",
      "properties": {
        "@id": "way/597501893",
        "addr:housenumber": "349",
        "addr:street": "עגור",
        "building": "detached",
        "building:levels": "2",
        "roof:shape": "saltbox"
      },
      "geometry": {
        "type": "Polygon",
        "coordinates": [
          [
            [
              35.02993,
              31.8905793
            ],
            [
              35.0299278,
              31.8907133
            ],
            [
              35.0297745,
              31.8907114
            ],
            [
              35.0297767,
              31.8905775
            ],
            [
              35.02993,
              31.8905793
            ]
          ]
        ]
      },
      "id": "way/597501893"
    },
    {
      "type": "Feature",
      "properties": {
        "@id": "way/597501894",
        "addr:housenumber": "350",
        "addr:street": "עגור",
        "building": "detached",
        "building:levels": "2",
        "roof:shape": "gabled"
      },
      "geometry": {
        "type": "Polygon",
        "coordinates": [
          [
            [
              35.0297771,
              31.8905247
            ],
            [
              35.0297793,
              31.890393
            ],
            [
              35.0299327,
              31.8903949
            ],
            [
              35.0299305,
              31.8905265
            ],
            [
              35.0297771,
              31.8905247
            ]
          ]
        ]
      },
      "id": "way/597501894"
    },
    {
      "type": "Feature",
      "properties": {
        "@id": "way/597501895",
        "addr:housenumber": "347",
        "addr:street": "עגור",
        "building": "detached",
        "building:levels": "2",
        "roof:shape": "gabled"
      },
      "geometry": {
        "type": "Polygon",
        "coordinates": [
          [
            [
              35.0299354,
              31.8910712
            ],
            [
              35.0299332,
              31.8912052
            ],
            [
              35.0297798,
              31.8912033
            ],
            [
              35.029782,
              31.8910694
            ],
            [
              35.0299354,
              31.8910712
            ]
          ]
        ]
      },
      "id": "way/597501895"
    },
    {
      "type": "Feature",
      "properties": {
        "@id": "way/597501896",
        "addr:housenumber": "348",
        "addr:street": "עגור",
        "building": "detached",
        "building:levels": "2",
        "roof:shape": "gabled"
      },
      "geometry": {
        "type": "Polygon",
        "coordinates": [
          [
            [
              35.0297825,
              31.8910166
            ],
            [
              35.0297847,
              31.8908849
            ],
            [
              35.0299381,
              31.8908868
            ],
            [
              35.0299359,
              31.8910184
            ],
            [
              35.0297825,
              31.8910166
            ]
          ]
        ]
      },
      "id": "way/597501896"
    },
    {
      "type": "Feature",
      "properties": {
        "@id": "way/597501897",
        "addr:housenumber": "332",
        "addr:street": "עגור",
        "building": "detached",
        "building:levels": "2",
        "roof:shape": "gabled"
      },
      "geometry": {
        "type": "Polygon",
        "coordinates": [
          [
            [
              35.0315286,
              31.8910849
            ],
            [
              35.0315264,
              31.8912188
            ],
            [
              35.031373,
              31.891217
            ],
            [
              35.0313753,
              31.8910831
            ],
            [
              35.0315286,
              31.8910849
            ]
          ]
        ]
      },
      "id": "way/597501897"
    },
    {
      "type": "Feature",
      "properties": {
        "@id": "way/597501898",
        "addr:housenumber": "331",
        "addr:street": "עגור",
        "building": "detached",
        "building:levels": "2",
        "roof:shape": "gabled"
      },
      "geometry": {
        "type": "Polygon",
        "coordinates": [
          [
            [
              35.0313757,
              31.8910302
            ],
            [
              35.0313779,
              31.8908986
            ],
            [
              35.0315313,
              31.8909004
            ],
            [
              35.0315291,
              31.8910321
            ],
            [
              35.0313757,
              31.8910302
            ]
          ]
        ]
      },
      "id": "way/597501898"
    },
    {
      "type": "Feature",
      "properties": {
        "@id": "way/597501899",
        "addr:housenumber": "366",
        "addr:street": "עגור",
        "building": "detached",
        "building:levels": "2",
        "roof:shape": "gabled"
      },
      "geometry": {
        "type": "Polygon",
        "coordinates": [
          [
            [
              35.0315447,
              31.8905884
            ],
            [
              35.0315425,
              31.8907224
            ],
            [
              35.0313891,
              31.8907205
            ],
            [
              35.0313914,
              31.8905866
            ],
            [
              35.0315447,
              31.8905884
            ]
          ]
        ]
      },
      "id": "way/597501899"
    },
    {
      "type": "Feature",
      "properties": {
        "@id": "way/597501900",
        "addr:housenumber": "365",
        "addr:street": "עגור",
        "building": "detached",
        "building:levels": "2",
        "roof:shape": "gabled"
      },
      "geometry": {
        "type": "Polygon",
        "coordinates": [
          [
            [
              35.0313918,
              31.8905338
            ],
            [
              35.031394,
              31.8904021
            ],
            [
              35.0315474,
              31.890404
            ],
            [
              35.0315452,
              31.8905356
            ],
            [
              35.0313918,
              31.8905338
            ]
          ]
        ]
      },
      "id": "way/597501900"
    },
    {
      "type": "Feature",
      "properties": {
        "@id": "way/597501901",
        "addr:housenumber": "360",
        "addr:street": "עגור",
        "building": "detached",
        "building:levels": "2",
        "roof:shape": "skillion"
      },
      "geometry": {
        "type": "Polygon",
        "coordinates": [
          [
            [
              35.0309436,
              31.8907023
            ],
            [
              35.0307887,
              31.8907004
            ],
            [
              35.0307907,
              31.8905793
            ],
            [
              35.0309456,
              31.8905812
            ],
            [
              35.0309436,
              31.8907023
            ]
          ]
        ]
      },
      "id": "way/597501901"
    },
    {
      "type": "Feature",
      "properties": {
        "@id": "way/597501902",
        "addr:housenumber": "359",
        "addr:street": "עגור",
        "building": "detached",
        "building:levels": "2",
        "roof:shape": "gabled"
      },
      "geometry": {
        "type": "Polygon",
        "coordinates": [
          [
            [
              35.030796,
              31.890388
            ],
            [
              35.0309322,
              31.8903897
            ],
            [
              35.0309301,
              31.8905156
            ],
            [
              35.0307939,
              31.8905139
            ],
            [
              35.030796,
              31.890388
            ]
          ]
        ]
      },
      "id": "way/597501902"
    },
    {
      "type": "Feature",
      "properties": {
        "@id": "way/597501903",
        "addr:housenumber": "361",
        "addr:street": "עגור",
        "building": "detached",
        "building:levels": "2",
        "roof:shape": "gabled"
      },
      "geometry": {
        "type": "Polygon",
        "coordinates": [
          [
            [
              35.0311903,
              31.8905702
            ],
            [
              35.0311881,
              31.8907042
            ],
            [
              35.0310348,
              31.8907023
            ],
            [
              35.031037,
              31.8905684
            ],
            [
              35.0311903,
              31.8905702
            ]
          ]
        ]
      },
      "id": "way/597501903"
    },
    {
      "type": "Feature",
      "properties": {
        "@id": "way/597501904",
        "addr:housenumber": "362",
        "addr:street": "עגור",
        "building": "detached",
        "building:levels": "2",
        "roof:shape": "gabled"
      },
      "geometry": {
        "type": "Polygon",
        "coordinates": [
          [
            [
              35.0310374,
              31.8905156
            ],
            [
              35.0310396,
              31.8903839
            ],
            [
              35.031193,
              31.8903858
            ],
            [
              35.0311908,
              31.8905174
            ],
            [
              35.0310374,
              31.8905156
            ]
          ]
        ]
      },
      "id": "way/597501904"
    },
    {
      "type": "Feature",
      "properties": {
        "@id": "way/597501905",
        "addr:housenumber": "354",
        "addr:street": "עגור",
        "building": "detached",
        "building:levels": "2",
        "roof:shape": "gabled"
      },
      "geometry": {
        "type": "Polygon",
        "coordinates": [
          [
            [
              35.0303106,
              31.8907069
            ],
            [
              35.0301557,
              31.890705
            ],
            [
              35.0301577,
              31.8905839
            ],
            [
              35.0303126,
              31.8905857
            ],
            [
              35.0303106,
              31.8907069
            ]
          ]
        ]
      },
      "id": "way/597501905"
    },
    {
      "type": "Feature",
      "properties": {
        "@id": "way/597501906",
        "addr:housenumber": "353",
        "addr:street": "עגור",
        "building": "detached",
        "building:levels": "2",
        "roof:shape": "gabled"
      },
      "geometry": {
        "type": "Polygon",
        "coordinates": [
          [
            [
              35.030163,
              31.8903926
            ],
            [
              35.0302992,
              31.8903942
            ],
            [
              35.0302971,
              31.8905201
            ],
            [
              35.0301609,
              31.8905185
            ],
            [
              35.030163,
              31.8903926
            ]
          ]
        ]
      },
      "id": "way/597501906"
    },
    {
      "type": "Feature",
      "properties": {
        "@id": "way/597501907",
        "addr:housenumber": "355",
        "addr:street": "עגור",
        "building": "detached",
        "building:levels": "2",
        "roof:shape": "gabled"
      },
      "geometry": {
        "type": "Polygon",
        "coordinates": [
          [
            [
              35.0305573,
              31.8905748
            ],
            [
              35.0305551,
              31.8907087
            ],
            [
              35.0304018,
              31.8907069
            ],
            [
              35.030404,
              31.8905729
            ],
            [
              35.0305573,
              31.8905748
            ]
          ]
        ]
      },
      "id": "way/597501907"
    },
    {
      "type": "Feature",
      "properties": {
        "@id": "way/597501908",
        "addr:housenumber": "356",
        "addr:street": "עגור",
        "building": "detached",
        "building:levels": "2",
        "roof:shape": "gabled"
      },
      "geometry": {
        "type": "Polygon",
        "coordinates": [
          [
            [
              35.0304044,
              31.8905201
            ],
            [
              35.0304066,
              31.8903885
            ],
            [
              35.03056,
              31.8903903
            ],
            [
              35.0305578,
              31.890522
            ],
            [
              35.0304044,
              31.8905201
            ]
          ]
        ]
      },
      "id": "way/597501908"
    },
    {
      "type": "Feature",
      "properties": {
        "@id": "way/597501909",
        "addr:housenumber": "344",
        "addr:street": "עגור",
        "building": "detached",
        "building:levels": "2",
        "roof:shape": "gabled"
      },
      "geometry": {
        "type": "Polygon",
        "coordinates": [
          [
            [
              35.0303159,
              31.8912033
            ],
            [
              35.030161,
              31.8912015
            ],
            [
              35.030163,
              31.8910803
            ],
            [
              35.0303179,
              31.8910822
            ],
            [
              35.0303159,
              31.8912033
            ]
          ]
        ]
      },
      "id": "way/597501909"
    },
    {
      "type": "Feature",
      "properties": {
        "@id": "way/597501910",
        "addr:housenumber": "343",
        "addr:street": "עגור",
        "building": "detached",
        "building:levels": "2",
        "roof:shape": "skillion"
      },
      "geometry": {
        "type": "Polygon",
        "coordinates": [
          [
            [
              35.0301684,
              31.8908891
            ],
            [
              35.0303046,
              31.8908907
            ],
            [
              35.0303025,
              31.8910166
            ],
            [
              35.0301663,
              31.8910149
            ],
            [
              35.0301684,
              31.8908891
            ]
          ]
        ]
      },
      "id": "way/597501910"
    },
    {
      "type": "Feature",
      "properties": {
        "@id": "way/597501911",
        "addr:housenumber": "341",
        "addr:street": "עגור",
        "building": "detached",
        "building:levels": "2",
        "roof:shape": "gabled"
      },
      "geometry": {
        "type": "Polygon",
        "coordinates": [
          [
            [
              35.0305627,
              31.8910712
            ],
            [
              35.0305605,
              31.8912052
            ],
            [
              35.0304071,
              31.8912033
            ],
            [
              35.0304094,
              31.8910694
            ],
            [
              35.0305627,
              31.8910712
            ]
          ]
        ]
      },
      "id": "way/597501911"
    },
    {
      "type": "Feature",
      "properties": {
        "@id": "way/597501912",
        "addr:housenumber": "342",
        "addr:street": "עגור",
        "building": "detached",
        "building:levels": "2",
        "roof:shape": "gabled"
      },
      "geometry": {
        "type": "Polygon",
        "coordinates": [
          [
            [
              35.0304098,
              31.8910166
            ],
            [
              35.030412,
              31.8908849
            ],
            [
              35.0305654,
              31.8908868
            ],
            [
              35.0305632,
              31.8910184
            ],
            [
              35.0304098,
              31.8910166
            ]
          ]
        ]
      },
      "id": "way/597501912"
    },
    {
      "type": "Feature",
      "properties": {
        "@id": "way/597501913",
        "addr:housenumber": "338",
        "addr:street": "עגור",
        "building": "detached",
        "building:levels": "2",
        "roof:shape": "gabled"
      },
      "geometry": {
        "type": "Polygon",
        "coordinates": [
          [
            [
              35.0309399,
              31.891209
            ],
            [
              35.030785,
              31.8912072
            ],
            [
              35.030787,
              31.891086
            ],
            [
              35.0309419,
              31.8910879
            ],
            [
              35.0309399,
              31.891209
            ]
          ]
        ]
      },
      "id": "way/597501913"
    },
    {
      "type": "Feature",
      "properties": {
        "@id": "way/597501914",
        "addr:housenumber": "335",
        "addr:street": "עגור",
        "building": "detached",
        "building:levels": "2",
        "roof:shape": "gabled"
      },
      "geometry": {
        "type": "Polygon",
        "coordinates": [
          [
            [
              35.0311866,
              31.8910769
            ],
            [
              35.0311844,
              31.8912109
            ],
            [
              35.0310311,
              31.891209
            ],
            [
              35.0310333,
              31.8910751
            ],
            [
              35.0311866,
              31.8910769
            ]
          ]
        ]
      },
      "id": "way/597501914"
    },
    {
      "type": "Feature",
      "properties": {
        "@id": "way/597501916",
        "addr:housenumber": "336",
        "addr:street": "עגור",
        "building": "detached",
        "building:levels": "2",
        "roof:shape": "gabled"
      },
      "geometry": {
        "type": "Polygon",
        "coordinates": [
          [
            [
              35.0310338,
              31.8910223
            ],
            [
              35.0310359,
              31.8908906
            ],
            [
              35.0311893,
              31.8908925
            ],
            [
              35.0311871,
              31.8910241
            ],
            [
              35.0310338,
              31.8910223
            ]
          ]
        ]
      },
      "id": "way/597501916"
    },
    {
      "type": "Feature",
      "properties": {
        "@id": "way/597501918",
        "addr:housenumber": "337",
        "addr:street": "עגור",
        "building": "detached",
        "building:levels": "2",
        "roof:shape": "gabled"
      },
      "geometry": {
        "type": "Polygon",
        "coordinates": [
          [
            [
              35.0307924,
              31.8908947
            ],
            [
              35.0309286,
              31.8908964
            ],
            [
              35.0309265,
              31.8910223
            ],
            [
              35.0307903,
              31.8910206
            ],
            [
              35.0307924,
              31.8908947
            ]
          ]
        ]
      },
      "id": "way/597501918"
    },
    {
      "type": "Feature",
      "properties": {
        "@id": "way/597503107",
        "building": "school",
        "building:levels": "2",
        "roof:levels": "1",
        "roof:shape": "flat"
      },
      "geometry": {
        "type": "Polygon",
        "coordinates": [
          [
            [
              35.0334163,
              31.8917465
            ],
            [
              35.0332815,
              31.8917503
            ],
            [
              35.0332761,
              31.8916132
            ],
            [
              35.0334518,
              31.8916083
            ],
            [
              35.0334564,
              31.8917271
            ],
            [
              35.033571,
              31.8917239
            ],
            [
              35.0335755,
              31.8918381
            ],
            [
              35.0337519,
              31.8918331
            ],
            [
              35.0337534,
              31.8918698
            ],
            [
              35.0337778,
              31.8918529
            ],
            [
              35.0337206,
              31.8917963
            ],
            [
              35.0337653,
              31.8917637
            ],
            [
              35.0337347,
              31.8917408
            ],
            [
              35.0336543,
              31.8916656
            ],
            [
              35.0336596,
              31.8915449
            ],
            [
              35.0337143,
              31.8915051
            ],
            [
              35.0337369,
              31.8914857
            ],
            [
              35.033665,
              31.8914185
            ],
            [
              35.0336704,
              31.8912978
            ],
            [
              35.0337361,
              31.89125
            ],
            [
              35.0339171,
              31.891439
            ],
            [
              35.0338031,
              31.8915369
            ],
            [
              35.0337814,
              31.8915556
            ],
            [
              35.0339064,
              31.8916861
            ],
            [
              35.033824,
              31.8917569
            ],
            [
              35.0338622,
              31.8917947
            ],
            [
              35.0338644,
              31.8917932
            ],
            [
              35.0339331,
              31.891865
            ],
            [
              35.0338506,
              31.891925
            ],
            [
              35.0338488,
              31.8919232
            ],
            [
              35.0338468,
              31.8919245
            ],
            [
              35.0338472,
              31.8919331
            ],
            [
              35.0338588,
              31.8919452
            ],
            [
              35.0339346,
              31.8920243
            ],
            [
              35.0338965,
              31.8920506
            ],
            [
              35.0337408,
              31.8921581
            ],
            [
              35.033665,
              31.892079
            ],
            [
              35.0337462,
              31.8920229
            ],
            [
              35.0337444,
              31.8919768
            ],
            [
              35.0335593,
              31.8919821
            ],
            [
              35.0335547,
              31.8918644
            ],
            [
              35.033421,
              31.8918681
            ],
            [
              35.0334163,
              31.8917465
            ]
          ]
        ]
      },
      "id": "way/597503107"
    },
    {
      "type": "Feature",
      "properties": {
        "@id": "way/597913177",
        "building": "detached",
        "building:levels": "2",
        "roof:shape": "gabled"
      },
      "geometry": {
        "type": "Polygon",
        "coordinates": [
          [
            [
              35.031192,
              31.8934112
            ],
            [
              35.0313063,
              31.8934229
            ],
            [
              35.0312859,
              31.893566
            ],
            [
              35.0311716,
              31.8935543
            ],
            [
              35.031192,
              31.8934112
            ]
          ]
        ]
      },
      "id": "way/597913177"
    },
    {
      "type": "Feature",
      "properties": {
        "@id": "way/597913178",
        "addr:housenumber": "236",
        "addr:street": "אנפה",
        "building": "detached",
        "building:levels": "2",
        "roof:shape": "gabled"
      },
      "geometry": {
        "type": "Polygon",
        "coordinates": [
          [
            [
              35.0309291,
              31.8935683
            ],
            [
              35.0309547,
              31.8933892
            ],
            [
              35.0310793,
              31.8934021
            ],
            [
              35.0310538,
              31.8935811
            ],
            [
              35.0309291,
              31.8935683
            ]
          ]
        ]
      },
      "id": "way/597913178"
    },
    {
      "type": "Feature",
      "properties": {
        "@id": "way/597913220",
        "building": "detached",
        "building:levels": "2",
        "roof:shape": "gabled"
      },
      "geometry": {
        "type": "Polygon",
        "coordinates": [
          [
            [
              35.0295103,
              31.895356
            ],
            [
              35.0297016,
              31.8953757
            ],
            [
              35.0296846,
              31.8954949
            ],
            [
              35.0294932,
              31.8954752
            ],
            [
              35.0295103,
              31.895356
            ]
          ]
        ]
      },
      "id": "way/597913220"
    },
    {
      "type": "Feature",
      "properties": {
        "@id": "way/597913221",
        "addr:housenumber": "246",
        "addr:street": "ברקנית",
        "building": "detached",
        "building:levels": "2",
        "roof:shape": "gabled"
      },
      "geometry": {
        "type": "Polygon",
        "coordinates": [
          [
            [
              35.0294405,
              31.8946682
            ],
            [
              35.029418,
              31.8948257
            ],
            [
              35.0292823,
              31.8948117
            ],
            [
              35.0293048,
              31.8946542
            ],
            [
              35.0294405,
              31.8946682
            ]
          ]
        ]
      },
      "id": "way/597913221"
    },
    {
      "type": "Feature",
      "properties": {
        "@id": "way/597913222",
        "addr:housenumber": "245",
        "addr:street": "ברקנית",
        "building": "detached",
        "building:levels": "2",
        "roof:shape": "gabled"
      },
      "geometry": {
        "type": "Polygon",
        "coordinates": [
          [
            [
              35.0293252,
              31.8944405
            ],
            [
              35.0294752,
              31.8944559
            ],
            [
              35.0294566,
              31.8945862
            ],
            [
              35.0293066,
              31.8945708
            ],
            [
              35.0293252,
              31.8944405
            ]
          ]
        ]
      },
      "id": "way/597913222"
    },
    {
      "type": "Feature",
      "properties": {
        "@id": "way/597913223",
        "addr:housenumber": "244",
        "addr:street": "ברקנית",
        "building": "detached",
        "building:levels": "2",
        "roof:shape": "gabled"
      },
      "geometry": {
        "type": "Polygon",
        "coordinates": [
          [
            [
              35.0295156,
              31.8941877
            ],
            [
              35.0294955,
              31.8943286
            ],
            [
              35.029344,
              31.894313
            ],
            [
              35.0293641,
              31.8941721
            ],
            [
              35.0295156,
              31.8941877
            ]
          ]
        ]
      },
      "id": "way/597913223"
    },
    {
      "type": "Feature",
      "properties": {
        "@id": "way/597913224",
        "addr:housenumber": "243",
        "addr:street": "ברקנית",
        "building": "detached",
        "building:levels": "2",
        "roof:shape": "gabled"
      },
      "geometry": {
        "type": "Polygon",
        "coordinates": [
          [
            [
              35.0296873,
              31.8943494
            ],
            [
              35.029709,
              31.8941971
            ],
            [
              35.0298831,
              31.8942151
            ],
            [
              35.0298613,
              31.8943673
            ],
            [
              35.0296873,
              31.8943494
            ]
          ]
        ]
      },
      "id": "way/597913224"
    },
    {
      "type": "Feature",
      "properties": {
        "@id": "way/597913225",
        "addr:housenumber": "242",
        "addr:street": "ברקנית",
        "building": "detached",
        "building:levels": "2",
        "roof:shape": "gabled"
      },
      "geometry": {
        "type": "Polygon",
        "coordinates": [
          [
            [
              35.0298026,
              31.8945976
            ],
            [
              35.0296626,
              31.8945832
            ],
            [
              35.0296846,
              31.8944291
            ],
            [
              35.0298246,
              31.8944435
            ],
            [
              35.0298026,
              31.8945976
            ]
          ]
        ]
      },
      "id": "way/597913225"
    },
    {
      "type": "Feature",
      "properties": {
        "@id": "way/597913226",
        "addr:housenumber": "241",
        "addr:street": "ברקנית",
        "building": "detached",
        "building:levels": "2",
        "roof:shape": "gabled"
      },
      "geometry": {
        "type": "Polygon",
        "coordinates": [
          [
            [
              35.0296229,
              31.8948162
            ],
            [
              35.0296406,
              31.8946925
            ],
            [
              35.0298026,
              31.8947092
            ],
            [
              35.0297849,
              31.8948329
            ],
            [
              35.0296229,
              31.8948162
            ]
          ]
        ]
      },
      "id": "way/597913226"
    },
    {
      "type": "Feature",
      "properties": {
        "@id": "way/597913227",
        "addr:housenumber": "240",
        "addr:street": "ברקנית",
        "building": "detached",
        "building:levels": "2",
        "roof:shape": "gabled"
      },
      "geometry": {
        "type": "Polygon",
        "coordinates": [
          [
            [
              35.0297409,
              31.8950417
            ],
            [
              35.0295966,
              31.8950268
            ],
            [
              35.0296175,
              31.89488
            ],
            [
              35.0297619,
              31.8948949
            ],
            [
              35.0297409,
              31.8950417
            ]
          ]
        ]
      },
      "id": "way/597913227"
    },
    {
      "type": "Feature",
      "properties": {
        "@id": "way/597913228",
        "addr:housenumber": "239",
        "addr:street": "ברקנית",
        "building": "detached",
        "building:levels": "2",
        "roof:shape": "gabled"
      },
      "geometry": {
        "type": "Polygon",
        "coordinates": [
          [
            [
              35.029529,
              31.8952466
            ],
            [
              35.0295478,
              31.8951152
            ],
            [
              35.0297624,
              31.8951373
            ],
            [
              35.0297436,
              31.8952687
            ],
            [
              35.029529,
              31.8952466
            ]
          ]
        ]
      },
      "id": "way/597913228"
    },
    {
      "type": "Feature",
      "properties": {
        "@id": "way/597913229",
        "addr:housenumber": "247",
        "addr:street": "פשוש",
        "building": "detached",
        "building:levels": "2",
        "roof:shape": "gabled"
      },
      "geometry": {
        "type": "Polygon",
        "coordinates": [
          [
            [
              35.0292796,
              31.8938644
            ],
            [
              35.0294486,
              31.8938074
            ],
            [
              35.029499,
              31.8939152
            ],
            [
              35.02933,
              31.8939722
            ],
            [
              35.0292796,
              31.8938644
            ]
          ]
        ]
      },
      "id": "way/597913229"
    },
    {
      "type": "Feature",
      "properties": {
        "@id": "way/597913230",
        "addr:housenumber": "248",
        "addr:street": "פשוש",
        "building": "detached",
        "building:levels": "2",
        "roof:shape": "gabled"
      },
      "geometry": {
        "type": "Polygon",
        "coordinates": [
          [
            [
              35.0294593,
              31.8937323
            ],
            [
              35.0292809,
              31.8937607
            ],
            [
              35.0292599,
              31.8936658
            ],
            [
              35.0294383,
              31.8936373
            ],
            [
              35.0294593,
              31.8937323
            ]
          ]
        ]
      },
      "id": "way/597913230"
    },
    {
      "type": "Feature",
      "properties": {
        "@id": "way/597913231",
        "addr:housenumber": "249",
        "addr:street": "פשוש",
        "building": "detached",
        "building:levels": "2",
        "roof:shape": "gabled"
      },
      "geometry": {
        "type": "Polygon",
        "coordinates": [
          [
            [
              35.0294419,
              31.8935398
            ],
            [
              35.0292367,
              31.8935205
            ],
            [
              35.0292509,
              31.8934115
            ],
            [
              35.0294561,
              31.8934309
            ],
            [
              35.0294419,
              31.8935398
            ]
          ]
        ]
      },
      "id": "way/597913231"
    },
    {
      "type": "Feature",
      "properties": {
        "@id": "way/597913232",
        "addr:housenumber": "251",
        "addr:street": "דרור",
        "building": "detached",
        "building:levels": "2",
        "roof:shape": "gabled"
      },
      "geometry": {
        "type": "Polygon",
        "coordinates": [
          [
            [
              35.0299555,
              31.8934977
            ],
            [
              35.0300856,
              31.8935414
            ],
            [
              35.0300252,
              31.8936708
            ],
            [
              35.0298952,
              31.8936271
            ],
            [
              35.0299555,
              31.8934977
            ]
          ]
        ]
      },
      "id": "way/597913232"
    },
    {
      "type": "Feature",
      "properties": {
        "@id": "way/597913233",
        "addr:housenumber": "250",
        "addr:street": "דרור",
        "building": "detached",
        "building:levels": "2",
        "roof:shape": "gabled"
      },
      "geometry": {
        "type": "Polygon",
        "coordinates": [
          [
            [
              35.0297543,
              31.893418
            ],
            [
              35.0298831,
              31.8934613
            ],
            [
              35.0298048,
              31.8936292
            ],
            [
              35.0296761,
              31.8935859
            ],
            [
              35.0297543,
              31.893418
            ]
          ]
        ]
      },
      "id": "way/597913233"
    },
    {
      "type": "Feature",
      "properties": {
        "@id": "way/597913234",
        "addr:housenumber": "258",
        "addr:street": "ורדית",
        "building": "detached",
        "building:levels": "2",
        "roof:shape": "gabled"
      },
      "geometry": {
        "type": "Polygon",
        "coordinates": [
          [
            [
              35.0300306,
              31.8930741
            ],
            [
              35.0301085,
              31.893009
            ],
            [
              35.0302291,
              31.8931128
            ],
            [
              35.0301512,
              31.893178
            ],
            [
              35.0300306,
              31.8930741
            ]
          ]
        ]
      },
      "id": "way/597913234"
    },
    {
      "type": "Feature",
      "properties": {
        "@id": "way/597913235",
        "addr:housenumber": "253",
        "addr:street": "דרור",
        "building": "detached",
        "building:levels": "2",
        "roof:shape": "gabled"
      },
      "geometry": {
        "type": "Polygon",
        "coordinates": [
          [
            [
              35.0299501,
              31.8933155
            ],
            [
              35.0298482,
              31.8932278
            ],
            [
              35.0299501,
              31.8931425
            ],
            [
              35.0300521,
              31.8932302
            ],
            [
              35.0299501,
              31.8933155
            ]
          ]
        ]
      },
      "id": "way/597913235"
    },
    {
      "type": "Feature",
      "properties": {
        "@id": "way/597913236",
        "building": "detached",
        "building:levels": "2",
        "roof:shape": "gabled"
      },
      "geometry": {
        "type": "Polygon",
        "coordinates": [
          [
            [
              35.0301701,
              31.8934431
            ],
            [
              35.0300636,
              31.8933514
            ],
            [
              35.030254,
              31.8931919
            ],
            [
              35.0303605,
              31.8932836
            ],
            [
              35.0301701,
              31.8934431
            ]
          ]
        ]
      },
      "id": "way/597913236"
    },
    {
      "type": "Feature",
      "properties": {
        "@id": "way/597913237",
        "building": "detached",
        "building:levels": "2",
        "roof:shape": "gabled"
      },
      "geometry": {
        "type": "Polygon",
        "coordinates": [
          [
            [
              35.0305456,
              31.8927918
            ],
            [
              35.0306742,
              31.8927448
            ],
            [
              35.030736,
              31.8928669
            ],
            [
              35.0306074,
              31.8929138
            ],
            [
              35.0305456,
              31.8927918
            ]
          ]
        ]
      },
      "id": "way/597913237"
    },
    {
      "type": "Feature",
      "properties": {
        "@id": "way/597913238",
        "addr:housenumber": "261",
        "addr:street": "ורדית",
        "building": "detached",
        "building:levels": "2",
        "roof:shape": "gabled"
      },
      "geometry": {
        "type": "Polygon",
        "coordinates": [
          [
            [
              35.0303659,
              31.8930013
            ],
            [
              35.030302,
              31.892875
            ],
            [
              35.030449,
              31.8928214
            ],
            [
              35.0305129,
              31.8929476
            ],
            [
              35.0303659,
              31.8930013
            ]
          ]
        ]
      },
      "id": "way/597913238"
    },
    {
      "type": "Feature",
      "properties": {
        "@id": "way/597913240",
        "building": "detached",
        "building:levels": "2",
        "roof:shape": "gabled"
      },
      "geometry": {
        "type": "Polygon",
        "coordinates": [
          [
            [
              35.0311196,
              31.8926824
            ],
            [
              35.0312661,
              31.8926773
            ],
            [
              35.0312725,
              31.8928077
            ],
            [
              35.031126,
              31.8928129
            ],
            [
              35.0311196,
              31.8926824
            ]
          ]
        ]
      },
      "id": "way/597913240"
    },
    {
      "type": "Feature",
      "properties": {
        "@id": "way/597913241",
        "addr:housenumber": "277",
        "addr:street": "חוחית",
        "building": "detached",
        "building:levels": "2",
        "roof:shape": "gabled"
      },
      "geometry": {
        "type": "Polygon",
        "coordinates": [
          [
            [
              35.0310257,
              31.8928145
            ],
            [
              35.0308577,
              31.8928205
            ],
            [
              35.0308514,
              31.8926915
            ],
            [
              35.0310194,
              31.8926856
            ],
            [
              35.0310257,
              31.8928145
            ]
          ]
        ]
      },
      "id": "way/597913241"
    },
    {
      "type": "Feature",
      "properties": {
        "@id": "way/597913242",
        "building": "detached",
        "building:levels": "2",
        "roof:shape": "gabled"
      },
      "geometry": {
        "type": "Polygon",
        "coordinates": [
          [
            [
              35.0312698,
              31.892999
            ],
            [
              35.0309617,
              31.8930099
            ],
            [
              35.030956,
              31.892892
            ],
            [
              35.031264,
              31.8928811
            ],
            [
              35.0312698,
              31.892999
            ]
          ]
        ]
      },
      "id": "way/597913242"
    },
    {
      "type": "Feature",
      "properties": {
        "@id": "way/597913243",
        "building": "detached",
        "building:levels": "2",
        "roof:shape": "gabled"
      },
      "geometry": {
        "type": "Polygon",
        "coordinates": [
          [
            [
              35.0314307,
              31.8928715
            ],
            [
              35.031571,
              31.8928665
            ],
            [
              35.0315782,
              31.8930149
            ],
            [
              35.031438,
              31.8930199
            ],
            [
              35.0314307,
              31.8928715
            ]
          ]
        ]
      },
      "id": "way/597913243"
    },
    {
      "type": "Feature",
      "properties": {
        "@id": "way/597913244",
        "building": "detached",
        "building:levels": "2",
        "roof:shape": "gabled"
      },
      "geometry": {
        "type": "Polygon",
        "coordinates": [
          [
            [
              35.0315407,
              31.8926733
            ],
            [
              35.0315461,
              31.892783
            ],
            [
              35.031428,
              31.8927872
            ],
            [
              35.0314227,
              31.8926775
            ],
            [
              35.0315407,
              31.8926733
            ]
          ]
        ]
      },
      "id": "way/597913244"
    },
    {
      "type": "Feature",
      "properties": {
        "@id": "way/597913245",
        "building": "detached",
        "building:levels": "2",
        "roof:shape": "gabled"
      },
      "geometry": {
        "type": "Polygon",
        "coordinates": [
          [
            [
              35.0323722,
              31.892605
            ],
            [
              35.0323294,
              31.8924762
            ],
            [
              35.0325143,
              31.8924319
            ],
            [
              35.0325571,
              31.8925608
            ],
            [
              35.0323722,
              31.892605
            ]
          ]
        ]
      },
      "id": "way/597913245"
    },
    {
      "type": "Feature",
      "properties": {
        "@id": "way/597913247",
        "addr:city": "מודיעין-מכבים-רעות",
        "addr:housenumber": "292",
        "addr:street": "כנרית",
        "building": "detached",
        "building:levels": "2",
        "roof:shape": "gabled"
      },
      "geometry": {
        "type": "Polygon",
        "coordinates": [
          [
            [
              35.0326055,
              31.8927576
            ],
            [
              35.032438,
              31.8927977
            ],
            [
              35.032399,
              31.8926802
            ],
            [
              35.0325665,
              31.8926401
            ],
            [
              35.0326055,
              31.8927576
            ]
          ]
        ]
      },
      "id": "way/597913247"
    },
    {
      "type": "Feature",
      "properties": {
        "@id": "way/597913248",
        "addr:housenumber": "291",
        "addr:street": "כנרית",
        "building": "detached",
        "building:levels": "4",
        "height": "9",
        "roof:shape": "side_hipped"
      },
      "geometry": {
        "type": "Polygon",
        "coordinates": [
          [
            [
              35.0324634,
              31.8930081
            ],
            [
              35.0324117,
              31.8928525
            ],
            [
              35.0325894,
              31.89281
            ],
            [
              35.0326411,
              31.8929656
            ],
            [
              35.0324634,
              31.8930081
            ]
          ]
        ]
      },
      "id": "way/597913248"
    },
    {
      "type": "Feature",
      "properties": {
        "@id": "way/597913249",
        "addr:city": "מודיעין-מכבים-רעות",
        "addr:housenumber": "290",
        "addr:street": "כנרית",
        "building": "detached",
        "building:levels": "3",
        "height": "9",
        "roof:shape": "gabled"
      },
      "geometry": {
        "type": "Polygon",
        "coordinates": [
          [
            [
              35.0320262,
              31.8928874
            ],
            [
              35.0321734,
              31.8928522
            ],
            [
              35.0322327,
              31.8930309
            ],
            [
              35.0320855,
              31.8930661
            ],
            [
              35.0320262,
              31.8928874
            ]
          ]
        ]
      },
      "id": "way/597913249"
    },
    {
      "type": "Feature",
      "properties": {
        "@id": "way/597913267",
        "building": "detached",
        "building:levels": "2",
        "roof:shape": "gabled"
      },
      "geometry": {
        "type": "Polygon",
        "coordinates": [
          [
            [
              35.0325412,
              31.8940351
            ],
            [
              35.0325816,
              31.8941448
            ],
            [
              35.0323775,
              31.8941991
            ],
            [
              35.032337,
              31.8940895
            ],
            [
              35.0325412,
              31.8940351
            ]
          ]
        ]
      },
      "id": "way/597913267"
    },
    {
      "type": "Feature",
      "properties": {
        "@id": "way/597913283",
        "addr:housenumber": "90",
        "addr:street": "ורד",
        "building": "detached",
        "building:levels": "1",
        "roof:levels": "1",
        "roof:shape": "gabled"
      },
      "geometry": {
        "type": "Polygon",
        "coordinates": [
          [
            [
              35.0339466,
              31.8964103
            ],
            [
              35.0337771,
              31.8964492
            ],
            [
              35.0337401,
              31.8963329
            ],
            [
              35.0339096,
              31.896294
            ],
            [
              35.0339466,
              31.8964103
            ]
          ]
        ]
      },
      "id": "way/597913283"
    },
    {
      "type": "Feature",
      "properties": {
        "@id": "way/597913288",
        "building": "detached",
        "building:levels": "2",
        "roof:shape": "gabled"
      },
      "geometry": {
        "type": "Polygon",
        "coordinates": [
          [
            [
              35.0341934,
              31.8962099
            ],
            [
              35.0342449,
              31.8963716
            ],
            [
              35.0340566,
              31.8964149
            ],
            [
              35.0340051,
              31.8962531
            ],
            [
              35.0341934,
              31.8962099
            ]
          ]
        ]
      },
      "id": "way/597913288"
    },
    {
      "type": "Feature",
      "properties": {
        "@id": "way/597913296",
        "building": "detached",
        "building:levels": "2"
      },
      "geometry": {
        "type": "Polygon",
        "coordinates": [
          [
            [
              35.0347593,
              31.8960881
            ],
            [
              35.0349624,
              31.8960415
            ],
            [
              35.0349954,
              31.896145
            ],
            [
              35.0347923,
              31.8961916
            ],
            [
              35.0347593,
              31.8960881
            ]
          ]
        ]
      },
      "id": "way/597913296"
    },
    {
      "type": "Feature",
      "properties": {
        "@id": "way/597913297",
        "building": "detached",
        "building:levels": "2",
        "roof:shape": "hipped"
      },
      "geometry": {
        "type": "Polygon",
        "coordinates": [
          [
            [
              35.0344214,
              31.8961712
            ],
            [
              35.0346244,
              31.8961246
            ],
            [
              35.0346574,
              31.8962281
            ],
            [
              35.0344543,
              31.8962747
            ],
            [
              35.0344214,
              31.8961712
            ]
          ]
        ]
      },
      "id": "way/597913297"
    },
    {
      "type": "Feature",
      "properties": {
        "@id": "way/597913298",
        "building": "detached",
        "building:levels": "2",
        "roof:shape": "gabled"
      },
      "geometry": {
        "type": "Polygon",
        "coordinates": [
          [
            [
              35.033716,
              31.8959458
            ],
            [
              35.0337593,
              31.8960818
            ],
            [
              35.0335979,
              31.8961188
            ],
            [
              35.0335546,
              31.8959828
            ],
            [
              35.033716,
              31.8959458
            ]
          ]
        ]
      },
      "id": "way/597913298"
    },
    {
      "type": "Feature",
      "properties": {
        "@id": "way/597913304",
        "addr:housenumber": "97",
        "addr:street": "טבק",
        "building": "detached",
        "building:levels": "1",
        "roof:shape": "gabled"
      },
      "geometry": {
        "type": "Polygon",
        "coordinates": [
          [
            [
              35.0344536,
              31.8958046
            ],
            [
              35.0344897,
              31.8959179
            ],
            [
              35.0343087,
              31.8959594
            ],
            [
              35.0342726,
              31.8958461
            ],
            [
              35.0344536,
              31.8958046
            ]
          ]
        ]
      },
      "id": "way/597913304"
    },
    {
      "type": "Feature",
      "properties": {
        "@id": "way/597913305",
        "addr:housenumber": "99",
        "addr:street": "טבק",
        "building": "detached",
        "building:levels": "1",
        "roof:shape": "gabled"
      },
      "geometry": {
        "type": "Polygon",
        "coordinates": [
          [
            [
              35.0342363,
              31.8956543
            ],
            [
              35.0343967,
              31.8956175
            ],
            [
              35.0344294,
              31.8957203
            ],
            [
              35.0342691,
              31.8957571
            ],
            [
              35.0342363,
              31.8956543
            ]
          ]
        ]
      },
      "id": "way/597913305"
    },
    {
      "type": "Feature",
      "properties": {
        "@id": "way/597913308",
        "addr:housenumber": "100",
        "addr:street": "טבק",
        "building": "detached",
        "building:levels": "2",
        "roof:shape": "gabled"
      },
      "geometry": {
        "type": "Polygon",
        "coordinates": [
          [
            [
              35.0346628,
              31.8956679
            ],
            [
              35.0346221,
              31.89554
            ],
            [
              35.0347593,
              31.8955085
            ],
            [
              35.0348001,
              31.8956364
            ],
            [
              35.0346628,
              31.8956679
            ]
          ]
        ]
      },
      "id": "way/597913308"
    },
    {
      "type": "Feature",
      "properties": {
        "@id": "way/597913357",
        "building": "detached",
        "building:levels": "2",
        "roof:shape": "gabled"
      },
      "geometry": {
        "type": "Polygon",
        "coordinates": [
          [
            [
              35.0332895,
              31.895381
            ],
            [
              35.0332456,
              31.8952623
            ],
            [
              35.0334156,
              31.895217
            ],
            [
              35.0334594,
              31.8953358
            ],
            [
              35.0332895,
              31.895381
            ]
          ]
        ]
      },
      "id": "way/597913357"
    },
    {
      "type": "Feature",
      "properties": {
        "@id": "way/597913365",
        "addr:housenumber": "21",
        "addr:street": "בוסתן",
        "building": "detached",
        "building:levels": "2",
        "roof:shape": "gabled"
      },
      "geometry": {
        "type": "Polygon",
        "coordinates": [
          [
            [
              35.032864,
              31.8950545
            ],
            [
              35.0327424,
              31.8950869
            ],
            [
              35.0326816,
              31.8949224
            ],
            [
              35.0328033,
              31.89489
            ],
            [
              35.032864,
              31.8950545
            ]
          ]
        ]
      },
      "id": "way/597913365"
    },
    {
      "type": "Feature",
      "properties": {
        "@id": "way/597913366",
        "building": "detached",
        "building:levels": "2",
        "roof:shape": "flat"
      },
      "geometry": {
        "type": "Polygon",
        "coordinates": [
          [
            [
              35.0329485,
              31.8952788
            ],
            [
              35.0328269,
              31.8953112
            ],
            [
              35.0327661,
              31.8951467
            ],
            [
              35.0328878,
              31.8951143
            ],
            [
              35.0329485,
              31.8952788
            ]
          ]
        ]
      },
      "id": "way/597913366"
    },
    {
      "type": "Feature",
      "properties": {
        "@id": "way/597913373",
        "building": "detached",
        "building:levels": "2",
        "roof:shape": "gabled"
      },
      "geometry": {
        "type": "Polygon",
        "coordinates": [
          [
            [
              35.0326659,
              31.8944872
            ],
            [
              35.0325442,
              31.8945196
            ],
            [
              35.0324835,
              31.8943551
            ],
            [
              35.0326051,
              31.8943227
            ],
            [
              35.0326659,
              31.8944872
            ]
          ]
        ]
      },
      "id": "way/597913373"
    },
    {
      "type": "Feature",
      "properties": {
        "@id": "way/597913374",
        "building": "detached",
        "building:levels": "2",
        "roof:shape": "gabled"
      },
      "geometry": {
        "type": "Polygon",
        "coordinates": [
          [
            [
              35.0327504,
              31.8947115
            ],
            [
              35.0326287,
              31.8947439
            ],
            [
              35.032568,
              31.8945794
            ],
            [
              35.0326896,
              31.894547
            ],
            [
              35.0327504,
              31.8947115
            ]
          ]
        ]
      },
      "id": "way/597913374"
    },
    {
      "type": "Feature",
      "properties": {
        "@id": "way/597916397",
        "building": "detached",
        "building:levels": "2",
        "roof:shape": "hipped"
      },
      "geometry": {
        "type": "Polygon",
        "coordinates": [
          [
            [
              35.0310995,
              31.8882211
            ],
            [
              35.0309814,
              31.8882953
            ],
            [
              35.0308742,
              31.8881724
            ],
            [
              35.0309922,
              31.8880981
            ],
            [
              35.0310995,
              31.8882211
            ]
          ]
        ]
      },
      "id": "way/597916397"
    },
    {
      "type": "Feature",
      "properties": {
        "@id": "way/597917111",
        "building": "detached",
        "building:levels": "2",
        "roof:shape": "hipped"
      },
      "geometry": {
        "type": "Polygon",
        "coordinates": [
          [
            [
              35.0340298,
              31.8877633
            ],
            [
              35.0338179,
              31.8878021
            ],
            [
              35.0337923,
              31.887701
            ],
            [
              35.0340042,
              31.8876623
            ],
            [
              35.0340298,
              31.8877633
            ]
          ]
        ]
      },
      "id": "way/597917111"
    },
    {
      "type": "Feature",
      "properties": {
        "@id": "way/597917116",
        "addr:housenumber": "612",
        "addr:street": "הר רביד",
        "building": "detached",
        "building:levels": "2",
        "roof:shape": "hipped"
      },
      "geometry": {
        "type": "Polygon",
        "coordinates": [
          [
            [
              35.034239,
              31.8880822
            ],
            [
              35.0341762,
              31.8879622
            ],
            [
              35.0343934,
              31.8878802
            ],
            [
              35.0344563,
              31.8880002
            ],
            [
              35.034239,
              31.8880822
            ]
          ]
        ]
      },
      "id": "way/597917116"
    },
    {
      "type": "Feature",
      "properties": {
        "@id": "way/597917117",
        "addr:housenumber": "606",
        "addr:street": "הר שחר",
        "building": "yes",
        "building:levels": "2",
        "roof:shape": "hipped"
      },
      "geometry": {
        "type": "Polygon",
        "coordinates": [
          [
            [
              35.0338393,
              31.8881528
            ],
            [
              35.0338126,
              31.8880345
            ],
            [
              35.0340782,
              31.8879913
            ],
            [
              35.0341049,
              31.8881095
            ],
            [
              35.0338393,
              31.8881528
            ]
          ]
        ]
      },
      "id": "way/597917117"
    },
    {
      "type": "Feature",
      "properties": {
        "@id": "way/597917118",
        "addr:housenumber": "604",
        "addr:street": "הר שחר",
        "building": "detached",
        "building:levels": "2",
        "roof:levels": "1",
        "roof:shape": "hipped"
      },
      "geometry": {
        "type": "Polygon",
        "coordinates": [
          [
            [
              35.0336757,
              31.8880366
            ],
            [
              35.0336963,
              31.8881544
            ],
            [
              35.0334849,
              31.888181
            ],
            [
              35.0334643,
              31.8880632
            ],
            [
              35.0336757,
              31.8880366
            ]
          ]
        ]
      },
      "id": "way/597917118"
    },
    {
      "type": "Feature",
      "properties": {
        "@id": "way/597917119",
        "addr:housenumber": "603",
        "addr:street": "הר שחר",
        "building": "semidetached_house",
        "building:levels": "2",
        "roof:shape": "many"
      },
      "geometry": {
        "type": "Polygon",
        "coordinates": [
          [
            [
              35.0336355,
              31.8878385
            ],
            [
              35.0334182,
              31.8878658
            ],
            [
              35.033397,
              31.887744
            ],
            [
              35.0336142,
              31.8877167
            ],
            [
              35.0336355,
              31.8878385
            ]
          ]
        ]
      },
      "id": "way/597917119"
    },
    {
      "type": "Feature",
      "properties": {
        "@id": "way/598102677",
        "building": "detached",
        "building:levels": "2",
        "roof:shape": "hipped"
      },
      "geometry": {
        "type": "Polygon",
        "coordinates": [
          [
            [
              35.0361367,
              31.886915
            ],
            [
              35.0360728,
              31.887018
            ],
            [
              35.0359087,
              31.8869446
            ],
            [
              35.0359725,
              31.8868416
            ],
            [
              35.0361367,
              31.886915
            ]
          ]
        ]
      },
      "id": "way/598102677"
    },
    {
      "type": "Feature",
      "properties": {
        "@id": "way/598102710",
        "building": "detached",
        "building:levels": "2",
        "roof:shape": "hipped"
      },
      "geometry": {
        "type": "Polygon",
        "coordinates": [
          [
            [
              35.0360924,
              31.8874627
            ],
            [
              35.0362179,
              31.8873847
            ],
            [
              35.0362989,
              31.8874787
            ],
            [
              35.0361734,
              31.8875567
            ],
            [
              35.0360924,
              31.8874627
            ]
          ]
        ]
      },
      "id": "way/598102710"
    },
    {
      "type": "Feature",
      "properties": {
        "@id": "way/598102712",
        "building": "detached",
        "building:levels": "2"
      },
      "geometry": {
        "type": "Polygon",
        "coordinates": [
          [
            [
              35.0359181,
              31.8876426
            ],
            [
              35.036031,
              31.8875724
            ],
            [
              35.0361112,
              31.8876654
            ],
            [
              35.0359982,
              31.8877356
            ],
            [
              35.0359181,
              31.8876426
            ]
          ]
        ]
      },
      "id": "way/598102712"
    },
    {
      "type": "Feature",
      "properties": {
        "@id": "way/663003773",
        "addr:city": "מודיעין-מכבים-רעות",
        "addr:housenumber": "45",
        "addr:street": "דוכיפת",
        "building": "yes",
        "building:levels": "5"
      },
      "geometry": {
        "type": "Polygon",
        "coordinates": [
          [
            [
              34.9929547,
              31.8961306
            ],
            [
              34.9929687,
              31.8961411
            ],
            [
              34.9929876,
              31.8961229
            ],
            [
              34.9930619,
              31.8961788
            ],
            [
              34.9930248,
              31.8962144
            ],
            [
              34.9930617,
              31.8962421
            ],
            [
              34.993046,
              31.8962571
            ],
            [
              34.9931219,
              31.8963141
            ],
            [
              34.9931023,
              31.8963329
            ],
            [
              34.9931148,
              31.8963423
            ],
            [
              34.9930405,
              31.8964136
            ],
            [
              34.9928431,
              31.8962652
            ],
            [
              34.9929232,
              31.8961883
            ],
            [
              34.9929071,
              31.8961762
            ],
            [
              34.9929547,
              31.8961306
            ]
          ]
        ]
      },
      "id": "way/663003773"
    },
    {
      "type": "Feature",
      "properties": {
        "@id": "way/754296044",
        "addr:housenumber": "14",
        "addr:street": "ערער",
        "building": "apartments",
        "building:levels": "5",
        "outdoor_seating": "no",
        "roof:shape": "flat"
      },
      "geometry": {
        "type": "Polygon",
        "coordinates": [
          [
            [
              35.0081749,
              31.9008403
            ],
            [
              35.0084365,
              31.9007369
            ],
            [
              35.0085752,
              31.9007689
            ],
            [
              35.0086684,
              31.9009771
            ],
            [
              35.0085868,
              31.9010063
            ],
            [
              35.0085802,
              31.9009929
            ],
            [
              35.0084503,
              31.9010394
            ],
            [
              35.0084369,
              31.9010124
            ],
            [
              35.0083177,
              31.9010551
            ],
            [
              35.0083004,
              31.9010204
            ],
            [
              35.0082615,
              31.9010343
            ],
            [
              35.0081749,
              31.9008403
            ]
          ]
        ]
      },
      "id": "way/754296044"
    },
    {
      "type": "Feature",
      "properties": {
        "@id": "way/775995320",
        "addr:city": "מודיעין-מכבים-רעות",
        "addr:housenumber": "6",
        "addr:street": "יער חניתה",
        "building": "yes",
        "building:levels": "4"
      },
      "geometry": {
        "type": "Polygon",
        "coordinates": [
          [
            [
              34.9868871,
              31.8981299
            ],
            [
              34.9867737,
              31.8979571
            ],
            [
              34.987027,
              31.8978373
            ],
            [
              34.9871404,
              31.89801
            ],
            [
              34.9868871,
              31.8981299
            ]
          ]
        ]
      },
      "id": "way/775995320"
    },
    {
      "type": "Feature",
      "properties": {
        "@id": "way/775995321",
        "addr:city": "מודיעין-מכבים-רעות",
        "addr:housenumber": "8",
        "addr:street": "יער חניתה",
        "building": "yes",
        "building:levels": "4"
      },
      "geometry": {
        "type": "Polygon",
        "coordinates": [
          [
            [
              34.9865892,
              31.8982973
            ],
            [
              34.9864621,
              31.8981315
            ],
            [
              34.9867052,
              31.8979972
            ],
            [
              34.9868323,
              31.898163
            ],
            [
              34.9865892,
              31.8982973
            ]
          ]
        ]
      },
      "id": "way/775995321"
    },
    {
      "type": "Feature",
      "properties": {
        "@id": "way/775995322",
        "addr:city": "מודיעין-מכבים-רעות",
        "addr:housenumber": "10",
        "addr:street": "יער חניתה",
        "building": "yes",
        "building:levels": "4"
      },
      "geometry": {
        "type": "Polygon",
        "coordinates": [
          [
            [
              34.9862952,
              31.8984824
            ],
            [
              34.9861499,
              31.8983278
            ],
            [
              34.9863767,
              31.8981742
            ],
            [
              34.986522,
              31.8983288
            ],
            [
              34.9862952,
              31.8984824
            ]
          ]
        ]
      },
      "id": "way/775995322"
    },
    {
      "type": "Feature",
      "properties": {
        "@id": "way/775995324",
        "addr:city": "מודיעין-מכבים-רעות",
        "addr:housenumber": "14",
        "addr:street": "יער חניתה",
        "building": "yes",
        "building:levels": "4"
      },
      "geometry": {
        "type": "Polygon",
        "coordinates": [
          [
            [
              34.9858235,
              31.8989448
            ],
            [
              34.9856726,
              31.8988616
            ],
            [
              34.9858303,
              31.8986557
            ],
            [
              34.9859812,
              31.898739
            ],
            [
              34.9858235,
              31.8989448
            ]
          ]
        ]
      },
      "id": "way/775995324"
    },
    {
      "type": "Feature",
      "properties": {
        "@id": "way/845445031",
        "addr:city": "מודיעין",
        "addr:housenumber": "11",
        "addr:street": "יגאל ידין",
        "building": "apartments",
        "building:levels": "12",
        "roof:shape": "flat"
      },
      "geometry": {
        "type": "Polygon",
        "coordinates": [
          [
            [
              35.0043726,
              31.9066909
            ],
            [
              35.003904,
              31.906731
            ],
            [
              35.00389,
              31.9064805
            ],
            [
              35.00435,
              31.9064422
            ],
            [
              35.0043726,
              31.9066909
            ]
          ]
        ]
      },
      "id": "way/845445031"
    },
    {
      "type": "Feature",
      "properties": {
        "@id": "way/845445032",
        "addr:city": "מודיעין",
        "addr:housenumber": "9",
        "addr:street": "יגאל ידין",
        "building": "apartments",
        "building:levels": "12",
        "roof:shape": "flat"
      },
      "geometry": {
        "type": "Polygon",
        "coordinates": [
          [
            [
              35.0045478,
              31.9073143
            ],
            [
              35.0041115,
              31.9073996
            ],
            [
              35.0040304,
              31.9071704
            ],
            [
              35.0044857,
              31.9070621
            ],
            [
              35.0045478,
              31.9073143
            ]
          ]
        ]
      },
      "id": "way/845445032"
    },
    {
      "type": "Feature",
      "properties": {
        "@id": "way/907976601",
        "addr:city": "מודיעין-מכבים-רעות",
        "addr:housenumber": "5",
        "addr:street": "עפרוני",
        "building": "yes",
        "building:levels": "2",
        "name": "בית כנסת ציפורים אשכנז",
        "name:he": "בית כנסת ציפורים אשכנז"
      },
      "geometry": {
        "type": "Polygon",
        "coordinates": [
          [
            [
              34.9984913,
              31.8966088
            ],
            [
              34.9983771,
              31.8964986
            ],
            [
              34.9983797,
              31.8964506
            ],
            [
              34.9984476,
              31.8963992
            ],
            [
              34.9985523,
              31.8963863
            ],
            [
              34.9986556,
              31.8964859
            ],
            [
              34.9984913,
              31.8966088
            ]
          ]
        ]
      },
      "id": "way/907976601"
    },
    {
      "type": "Feature",
      "properties": {
        "@id": "way/938789253",
        "addr:city": "מודיעין-מכבים-רעות",
        "addr:street": "שלדג",
        "building": "yes",
        "building:levels": "1",
        "name": "גנים כינור וצ`לו"
      },
      "geometry": {
        "type": "Polygon",
        "coordinates": [
          [
            [
              34.9978051,
              31.89661
            ],
            [
              34.9977927,
              31.8962915
            ],
            [
              34.9979237,
              31.896293
            ],
            [
              34.9979361,
              31.8966085
            ],
            [
              34.9978051,
              31.89661
            ]
          ]
        ]
      },
      "id": "way/938789253"
    },
    {
      "type": "Feature",
      "properties": {
        "@id": "way/969552784",
        "addr:housenumber": "38",
        "addr:street": "דם המכבים",
        "building": "office",
        "building:levels": "5",
        "name": "1 דונה",
        "name:en": "Dona 1",
        "name:he": "1 דונה",
        "roof:shape": "flat"
      },
      "geometry": {
        "type": "Polygon",
        "coordinates": [
          [
            [
              35.0067136,
              31.9037883
            ],
            [
              35.0064688,
              31.9036512
            ],
            [
              35.0059287,
              31.903361
            ],
            [
              35.0061063,
              31.9031325
            ],
            [
              35.0061284,
              31.903104
            ],
            [
              35.006376,
              31.9030033
            ],
            [
              35.0069953,
              31.9034514
            ],
            [
              35.0069358,
              31.9035225
            ],
            [
              35.0067136,
              31.9037883
            ]
          ]
        ]
      },
      "id": "way/969552784"
    },
    {
      "type": "Feature",
      "properties": {
        "@id": "way/998729975",
        "addr:city": "מודיעין-מכבים-רעות",
        "addr:housenumber": "16",
        "addr:street": "יער חניתה",
        "building": "yes",
        "building:levels": "4"
      },
      "geometry": {
        "type": "Polygon",
        "coordinates": [
          [
            [
              34.9857152,
              31.8992159
            ],
            [
              34.9855457,
              31.8991646
            ],
            [
              34.9856427,
              31.8989333
            ],
            [
              34.9858123,
              31.8989846
            ],
            [
              34.9857152,
              31.8992159
            ]
          ]
        ]
      },
      "id": "way/998729975"
    },
    {
      "type": "Feature",
      "properties": {
        "@id": "way/998729976",
        "addr:city": "מודיעין-מכבים-רעות",
        "addr:housenumber": "12",
        "addr:street": "יער חניתה",
        "building": "yes",
        "building:levels": "4"
      },
      "geometry": {
        "type": "Polygon",
        "coordinates": [
          [
            [
              34.986026,
              31.8986774
            ],
            [
              34.9858957,
              31.898572
            ],
            [
              34.9860952,
              31.8983942
            ],
            [
              34.9862255,
              31.8984997
            ],
            [
              34.986026,
              31.8986774
            ]
          ]
        ]
      },
      "id": "way/998729976"
    },
    {
      "type": "Feature",
      "properties": {
        "@id": "way/1012572703",
        "addr:city": "מודיעין-מכבים-רעות",
        "addr:housenumber": "18",
        "addr:street": "גולדה מאיר",
        "building": "apartments",
        "building:flats": "18",
        "building:levels": "6",
        "roof:levels": "0",
        "roof:shape": "flat"
      },
      "geometry": {
        "type": "Polygon",
        "coordinates": [
          [
            [
              34.9891246,
              31.9008821
            ],
            [
              34.989396,
              31.9007546
            ],
            [
              34.9895248,
              31.9009522
            ],
            [
              34.9892534,
              31.9010797
            ],
            [
              34.9891246,
              31.9008821
            ]
          ]
        ]
      },
      "id": "way/1012572703"
    },
    {
      "type": "Feature",
      "properties": {
        "@id": "way/1012572704",
        "addr:city": "מודיעין-מכבים-רעות",
        "addr:housenumber": "16",
        "addr:street": "גולדה מאיר",
        "building": "apartments",
        "building:flats": "16",
        "building:levels": "6",
        "roof:shape": "flat"
      },
      "geometry": {
        "type": "Polygon",
        "coordinates": [
          [
            [
              34.9897891,
              31.9005636
            ],
            [
              34.9899133,
              31.9007648
            ],
            [
              34.9896433,
              31.9008848
            ],
            [
              34.9895192,
              31.9006836
            ],
            [
              34.9897891,
              31.9005636
            ]
          ]
        ]
      },
      "id": "way/1012572704"
    },
    {
      "type": "Feature",
      "properties": {
        "@id": "way/1012572705",
        "addr:city": "מודיעין-מכבים-רעות",
        "addr:housenumber": "14",
        "addr:street": "גולדה מאיר",
        "building": "apartments",
        "building:flats": "14",
        "building:levels": "6",
        "roof:levels": "0",
        "roof:shape": "flat"
      },
      "geometry": {
        "type": "Polygon",
        "coordinates": [
          [
            [
              34.9898916,
              31.9005125
            ],
            [
              34.9902099,
              31.9004071
            ],
            [
              34.9903079,
              31.9006207
            ],
            [
              34.9899896,
              31.900726
            ],
            [
              34.9898916,
              31.9005125
            ]
          ]
        ]
      },
      "id": "way/1012572705"
    },
    {
      "type": "Feature",
      "properties": {
        "@id": "way/1012572706",
        "addr:city": "מודיעין-מכבים-רעות",
        "addr:housenumber": "12",
        "addr:street": "גולדה מאיר",
        "building": "apartments",
        "building:flats": "12",
        "building:levels": "6",
        "roof:levels": "0",
        "roof:shape": "flat"
      },
      "geometry": {
        "type": "Polygon",
        "coordinates": [
          [
            [
              34.9903516,
              31.9003554
            ],
            [
              34.9906691,
              31.9004338
            ],
            [
              34.9905913,
              31.900661
            ],
            [
              34.9904406,
              31.9006238
            ],
            [
              34.9904722,
              31.9005317
            ],
            [
              34.9903053,
              31.9004904
            ],
            [
              34.9903516,
              31.9003554
            ]
          ]
        ]
      },
      "id": "way/1012572706"
    },
    {
      "type": "Feature",
      "properties": {
        "@id": "way/1012572707",
        "addr:city": "מודיעין-מכבים-רעות",
        "addr:housenumber": "7",
        "addr:street": "יצחק נבון",
        "building": "apartments",
        "building:levels": "3",
        "roof:shape": "flat"
      },
      "geometry": {
        "type": "Polygon",
        "coordinates": [
          [
            [
              34.9894824,
              31.901421
            ],
            [
              34.9892873,
              31.9012278
            ],
            [
              34.9894722,
              31.9010932
            ],
            [
              34.9896673,
              31.9012864
            ],
            [
              34.9894824,
              31.901421
            ]
          ]
        ]
      },
      "id": "way/1012572707"
    },
    {
      "type": "Feature",
      "properties": {
        "@id": "way/1012572708",
        "addr:city": "מודיעין-מכבים-רעות",
        "addr:housenumber": "5",
        "addr:street": "יצחק נבון",
        "building": "apartments",
        "building:levels": "3",
        "roof:shape": "flat"
      },
      "geometry": {
        "type": "Polygon",
        "coordinates": [
          [
            [
              34.9897883,
              31.9012392
            ],
            [
              34.9896633,
              31.9010016
            ],
            [
              34.989916,
              31.9009057
            ],
            [
              34.9900411,
              31.9011432
            ],
            [
              34.9897883,
              31.9012392
            ]
          ]
        ]
      },
      "id": "way/1012572708"
    },
    {
      "type": "Feature",
      "properties": {
        "@id": "way/1012572709",
        "addr:housenumber": "3",
        "addr:street": "שרה אהרונסון",
        "building": "apartments",
        "building:levels": "14",
        "roof:shape": "flat"
      },
      "geometry": {
        "type": "Polygon",
        "coordinates": [
          [
            [
              34.9898334,
              31.9024927
            ],
            [
              34.9898791,
              31.9023495
            ],
            [
              34.9899247,
              31.9022159
            ],
            [
              34.98999,
              31.9021366
            ],
            [
              34.9902239,
              31.9021922
            ],
            [
              34.9901037,
              31.902557
            ],
            [
              34.9898334,
              31.9024927
            ]
          ]
        ]
      },
      "id": "way/1012572709"
    },
    {
      "type": "Feature",
      "properties": {
        "@id": "way/1012572710",
        "addr:housenumber": "34",
        "addr:street": "גולדה מאיר",
        "building": "apartments",
        "building:levels": "5",
        "roof:levels": "1",
        "roof:shape": "flat"
      },
      "geometry": {
        "type": "Polygon",
        "coordinates": [
          [
            [
              34.9863961,
              31.9031187
            ],
            [
              34.9863128,
              31.90299
            ],
            [
              34.9865651,
              31.9028724
            ],
            [
              34.9866484,
              31.9030011
            ],
            [
              34.9863961,
              31.9031187
            ]
          ]
        ]
      },
      "id": "way/1012572710"
    },
    {
      "type": "Feature",
      "properties": {
        "@id": "way/1018451151",
        "addr:housenumber": "4",
        "addr:street": "זלמן שז\"ר",
        "building": "apartments",
        "building:levels": "7",
        "roof:levels": "0",
        "roof:shape": "flat"
      },
      "geometry": {
        "type": "Polygon",
        "coordinates": [
          [
            [
              34.9904208,
              31.9041578
            ],
            [
              34.9905559,
              31.9040135
            ],
            [
              34.9907461,
              31.904142
            ],
            [
              34.990611,
              31.9042862
            ],
            [
              34.9904208,
              31.9041578
            ]
          ]
        ]
      },
      "id": "way/1018451151"
    },
    {
      "type": "Feature",
      "properties": {
        "@id": "way/1018451152",
        "addr:housenumber": "2",
        "addr:street": "זלמן שז\"ר",
        "building": "apartments",
        "building:levels": "7",
        "roof:levels": "0",
        "roof:shape": "flat"
      },
      "geometry": {
        "type": "Polygon",
        "coordinates": [
          [
            [
              34.9906109,
              31.9039197
            ],
            [
              34.9907477,
              31.9037961
            ],
            [
              34.9909261,
              31.9039384
            ],
            [
              34.9907893,
              31.904062
            ],
            [
              34.9906109,
              31.9039197
            ]
          ]
        ]
      },
      "id": "way/1018451152"
    },
    {
      "type": "Feature",
      "properties": {
        "@id": "way/1018451153",
        "addr:housenumber": "6",
        "addr:street": "זלמן שז\"ר",
        "building": "apartments",
        "building:levels": "7",
        "roof:levels": "0",
        "roof:shape": "flat"
      },
      "geometry": {
        "type": "Polygon",
        "coordinates": [
          [
            [
              34.9901709,
              31.9044091
            ],
            [
              34.9903714,
              31.9042095
            ],
            [
              34.9905312,
              31.9043252
            ],
            [
              34.9903307,
              31.9045248
            ],
            [
              34.9901709,
              31.9044091
            ]
          ]
        ]
      },
      "id": "way/1018451153"
    },
    {
      "type": "Feature",
      "properties": {
        "@id": "way/1018451154",
        "addr:housenumber": "8",
        "addr:street": "זלמן שז\"ר",
        "building": "apartments",
        "building:levels": "7",
        "roof:levels": "0",
        "roof:shape": "flat"
      },
      "geometry": {
        "type": "Polygon",
        "coordinates": [
          [
            [
              34.9901564,
              31.9044413
            ],
            [
              34.990294,
              31.9045437
            ],
            [
              34.9901264,
              31.9047061
            ],
            [
              34.9899888,
              31.9046037
            ],
            [
              34.9901564,
              31.9044413
            ]
          ]
        ]
      },
      "id": "way/1018451154"
    },
    {
      "type": "Feature",
      "properties": {
        "@id": "way/1018451155",
        "addr:housenumber": "10",
        "addr:street": "זלמן שז\"ר",
        "building": "apartments",
        "building:levels": "7",
        "roof:levels": "0",
        "roof:shape": "flat"
      },
      "geometry": {
        "type": "Polygon",
        "coordinates": [
          [
            [
              34.9897649,
              31.9048223
            ],
            [
              34.9899626,
              31.9046234
            ],
            [
              34.9901135,
              31.9047314
            ],
            [
              34.9899157,
              31.9049304
            ],
            [
              34.9897649,
              31.9048223
            ]
          ]
        ]
      },
      "id": "way/1018451155"
    },
    {
      "type": "Feature",
      "properties": {
        "@id": "way/1018451156",
        "addr:housenumber": "12",
        "addr:street": "זלמן שז\"ר",
        "building": "apartments",
        "building:levels": "7",
        "roof:levels": "0",
        "roof:shape": "flat"
      },
      "geometry": {
        "type": "Polygon",
        "coordinates": [
          [
            [
              34.9897582,
              31.9048517
            ],
            [
              34.9898665,
              31.9049371
            ],
            [
              34.9898178,
              31.9049817
            ],
            [
              34.9898677,
              31.9050209
            ],
            [
              34.9897441,
              31.905134
            ],
            [
              34.98969,
              31.9050914
            ],
            [
              34.9896553,
              31.9051232
            ],
            [
              34.9895511,
              31.905041
            ],
            [
              34.9897582,
              31.9048517
            ]
          ]
        ]
      },
      "id": "way/1018451156"
    },
    {
      "type": "Feature",
      "properties": {
        "@id": "way/1018451171",
        "addr:housenumber": "15-17",
        "addr:street": "עמק חפר",
        "building": "apartments",
        "building:levels": "7",
        "roof:shape": "flat"
      },
      "geometry": {
        "type": "Polygon",
        "coordinates": [
          [
            [
              34.9831189,
              31.9061243
            ],
            [
              34.983163,
              31.9060488
            ],
            [
              34.9832434,
              31.9060826
            ],
            [
              34.9832563,
              31.9060607
            ],
            [
              34.9835502,
              31.9061845
            ],
            [
              34.9835361,
              31.9062085
            ],
            [
              34.9835967,
              31.9062341
            ],
            [
              34.9835537,
              31.9063075
            ],
            [
              34.9831189,
              31.9061243
            ]
          ]
        ]
      },
      "id": "way/1018451171"
    },
    {
      "type": "Feature",
      "properties": {
        "@id": "way/1018451172",
        "addr:housenumber": "19-21",
        "addr:street": "עמק חפר",
        "building": "apartments",
        "building:levels": "7",
        "roof:shape": "flat"
      },
      "geometry": {
        "type": "Polygon",
        "coordinates": [
          [
            [
              34.9830295,
              31.9060704
            ],
            [
              34.98263,
              31.9059032
            ],
            [
              34.9827536,
              31.9056903
            ],
            [
              34.9828273,
              31.9057211
            ],
            [
              34.9828162,
              31.9057403
            ],
            [
              34.9828373,
              31.9057491
            ],
            [
              34.982772,
              31.9058617
            ],
            [
              34.9830767,
              31.9059892
            ],
            [
              34.9830295,
              31.9060704
            ]
          ]
        ]
      },
      "id": "way/1018451172"
    },
    {
      "type": "Feature",
      "properties": {
        "@id": "way/1018451173",
        "addr:housenumber": "23-25",
        "addr:street": "עמק חפר",
        "building": "apartments",
        "building:levels": "7",
        "roof:shape": "flat"
      },
      "geometry": {
        "type": "Polygon",
        "coordinates": [
          [
            [
              34.9819586,
              31.9056179
            ],
            [
              34.9820228,
              31.9055083
            ],
            [
              34.9823634,
              31.9056522
            ],
            [
              34.982446,
              31.9055113
            ],
            [
              34.9826164,
              31.9055833
            ],
            [
              34.9824695,
              31.9058338
            ],
            [
              34.9819586,
              31.9056179
            ]
          ]
        ]
      },
      "id": "way/1018451173"
    },
    {
      "type": "Feature",
      "properties": {
        "@id": "way/1021977679",
        "addr:housenumber": "13",
        "addr:street": "גולדה מאיר",
        "building": "apartments",
        "building:levels": "7",
        "roof:shape": "flat"
      },
      "geometry": {
        "type": "Polygon",
        "coordinates": [
          [
            [
              34.9908995,
              31.9003277
            ],
            [
              34.9910386,
              31.900194
            ],
            [
              34.9912375,
              31.9003431
            ],
            [
              34.991192,
              31.9003868
            ],
            [
              34.9912353,
              31.9004065
            ],
            [
              34.991134,
              31.9005038
            ],
            [
              34.9908995,
              31.9003277
            ]
          ]
        ]
      },
      "id": "way/1021977679"
    },
    {
      "type": "Feature",
      "properties": {
        "@id": "way/1090152985",
        "addr:housenumber": "5",
        "addr:street": "יצחק בן צבי",
        "building": "apartments",
        "building:flats": "7",
        "building:levels": "4"
      },
      "geometry": {
        "type": "Polygon",
        "coordinates": [
          [
            [
              34.9751892,
              31.9000263
            ],
            [
              34.9753498,
              31.9000958
            ],
            [
              34.9752422,
              31.9002747
            ],
            [
              34.9750817,
              31.9002052
            ],
            [
              34.9751892,
              31.9000263
            ]
          ]
        ]
      },
      "id": "way/1090152985"
    },
    {
      "type": "Feature",
      "properties": {
        "@id": "way/1090152986",
        "addr:housenumber": "7",
        "addr:street": "יצחק בן צבי",
        "building": "apartments",
        "building:flats": "7",
        "building:levels": "4"
      },
      "geometry": {
        "type": "Polygon",
        "coordinates": [
          [
            [
              34.9750302,
              31.9002696
            ],
            [
              34.9752042,
              31.9003256
            ],
            [
              34.9751279,
              31.9004965
            ],
            [
              34.974954,
              31.9004406
            ],
            [
              34.9750302,
              31.9002696
            ]
          ]
        ]
      },
      "id": "way/1090152986"
    },
    {
      "type": "Feature",
      "properties": {
        "@id": "way/1090152987",
        "addr:housenumber": "9",
        "addr:street": "יצחק בן צבי",
        "building": "apartments",
        "building:flats": "7",
        "building:levels": "4"
      },
      "geometry": {
        "type": "Polygon",
        "coordinates": [
          [
            [
              34.9749499,
              31.9005139
            ],
            [
              34.9751323,
              31.9005458
            ],
            [
              34.9750599,
              31.9007439
            ],
            [
              34.9748969,
              31.9007125
            ],
            [
              34.9749499,
              31.9005139
            ]
          ]
        ]
      },
      "id": "way/1090152987"
    },
    {
      "type": "Feature",
      "properties": {
        "@id": "way/1090152988",
        "addr:housenumber": "11",
        "addr:street": "יצחק בן צבי",
        "building": "apartments",
        "building:flats": "7",
        "building:levels": "4"
      },
      "geometry": {
        "type": "Polygon",
        "coordinates": [
          [
            [
              34.9748314,
              31.9008378
            ],
            [
              34.9750538,
              31.9008454
            ],
            [
              34.9750443,
              31.9010451
            ],
            [
              34.974822,
              31.9010375
            ],
            [
              34.9748314,
              31.9008378
            ]
          ]
        ]
      },
      "id": "way/1090152988"
    },
    {
      "type": "Feature",
      "properties": {
        "@id": "way/1090152989",
        "addr:housenumber": "13",
        "addr:street": "יצחק בן צבי",
        "building": "apartments",
        "building:flats": "7",
        "building:levels": "4"
      },
      "geometry": {
        "type": "Polygon",
        "coordinates": [
          [
            [
              34.9748426,
              31.9011151
            ],
            [
              34.9750489,
              31.901102
            ],
            [
              34.9750652,
              31.9012881
            ],
            [
              34.9748667,
              31.9013109
            ],
            [
              34.9748426,
              31.9011151
            ]
          ]
        ]
      },
      "id": "way/1090152989"
    },
    {
      "type": "Feature",
      "properties": {
        "@id": "way/1090152990",
        "addr:housenumber": "15",
        "addr:street": "יצחק בן צבי",
        "building": "apartments",
        "building:flats": "7",
        "building:levels": "4"
      },
      "geometry": {
        "type": "Polygon",
        "coordinates": [
          [
            [
              34.9749012,
              31.9013813
            ],
            [
              34.9750775,
              31.9013285
            ],
            [
              34.9751493,
              31.9015014
            ],
            [
              34.9749729,
              31.9015542
            ],
            [
              34.9749012,
              31.9013813
            ]
          ]
        ]
      },
      "id": "way/1090152990"
    },
    {
      "type": "Feature",
      "properties": {
        "@id": "way/1090152991",
        "addr:city": "מודיעין-מכבים-רעות",
        "addr:housenumber": "21",
        "addr:street": "יצחק בן צבי",
        "building": "apartments",
        "building:flats": "7",
        "building:levels": "4"
      },
      "geometry": {
        "type": "Polygon",
        "coordinates": [
          [
            [
              34.9754112,
              31.9021671
            ],
            [
              34.9755346,
              31.9020646
            ],
            [
              34.9756835,
              31.9022078
            ],
            [
              34.9755373,
              31.9023174
            ],
            [
              34.9754112,
              31.9021671
            ]
          ]
        ]
      },
      "id": "way/1090152991"
    },
    {
      "type": "Feature",
      "properties": {
        "@id": "way/1090152992",
        "addr:city": "מודיעין-מכבים-רעות",
        "addr:housenumber": "19",
        "addr:street": "יצחק בן צבי",
        "building": "apartments",
        "building:flats": "7",
        "building:levels": "4"
      },
      "geometry": {
        "type": "Polygon",
        "coordinates": [
          [
            [
              34.9751602,
              31.9018862
            ],
            [
              34.9752979,
              31.9018019
            ],
            [
              34.9754555,
              31.9019873
            ],
            [
              34.9753179,
              31.9020716
            ],
            [
              34.9751602,
              31.9018862
            ]
          ]
        ]
      },
      "id": "way/1090152992"
    },
    {
      "type": "Feature",
      "properties": {
        "@id": "way/1090171254",
        "addr:city": "מודיעין-מכבים-רעות",
        "addr:housenumber": "78",
        "addr:street": "גולדה מאיר",
        "building": "school",
        "building:levels": "3",
        "name": "ארץ מולדת",
        "name:he": "ארץ מולדת",
        "roof:shape": "flat"
      },
      "geometry": {
        "type": "Polygon",
        "coordinates": [
          [
            [
              34.9804754,
              31.9013278
            ],
            [
              34.9804004,
              31.9015238
            ],
            [
              34.9803837,
              31.9015195
            ],
            [
              34.9803649,
              31.9015609
            ],
            [
              34.9800168,
              31.9014464
            ],
            [
              34.9800517,
              31.9013838
            ],
            [
              34.979926,
              31.9013294
            ],
            [
              34.9800207,
              31.9011467
            ],
            [
              34.9801676,
              31.901202
            ],
            [
              34.9801549,
              31.9012355
            ],
            [
              34.9804754,
              31.9013278
            ]
          ]
        ]
      },
      "id": "way/1090171254"
    },
    {
      "type": "Feature",
      "properties": {
        "@id": "way/1095099953",
        "addr:housenumber": "32",
        "addr:street": "גולדה מאיר",
        "building": "apartments",
        "building:levels": "6",
        "roof:levels": "1",
        "roof:shape": "flat"
      },
      "geometry": {
        "type": "Polygon",
        "coordinates": [
          [
            [
              34.9867539,
              31.9027875
            ],
            [
              34.9868015,
              31.9027492
            ],
            [
              34.9867666,
              31.9027179
            ],
            [
              34.9870061,
              31.9025257
            ],
            [
              34.9870485,
              31.9025639
            ],
            [
              34.9871239,
              31.9025034
            ],
            [
              34.9871637,
              31.9025392
            ],
            [
              34.9871906,
              31.9025177
            ],
            [
              34.9873393,
              31.9026514
            ],
            [
              34.9872621,
              31.9027133
            ],
            [
              34.9871817,
              31.902641
            ],
            [
              34.9870805,
              31.9027222
            ],
            [
              34.9869613,
              31.9028179
            ],
            [
              34.9870713,
              31.9029166
            ],
            [
              34.9869797,
              31.9029901
            ],
            [
              34.9867539,
              31.9027875
            ]
          ]
        ]
      },
      "id": "way/1095099953"
    },
    {
      "type": "Feature",
      "properties": {
        "@id": "way/1095099957",
        "addr:housenumber": "50",
        "addr:street": "גולדה מאיר",
        "building": "apartments",
        "building:levels": "5",
        "roof:levels": "0",
        "roof:shape": "flat"
      },
      "geometry": {
        "type": "Polygon",
        "coordinates": [
          [
            [
              34.9837144,
              31.9028531
            ],
            [
              34.9838254,
              31.9026965
            ],
            [
              34.9840295,
              31.9028009
            ],
            [
              34.9839184,
              31.9029574
            ],
            [
              34.9837144,
              31.9028531
            ]
          ]
        ]
      },
      "id": "way/1095099957"
    },
    {
      "type": "Feature",
      "properties": {
        "@id": "way/1095099958",
        "addr:housenumber": "48",
        "addr:street": "גולדה מאיר",
        "building": "apartments",
        "building:levels": "5",
        "roof:levels": "0",
        "roof:shape": "flat"
      },
      "geometry": {
        "type": "Polygon",
        "coordinates": [
          [
            [
              34.9841006,
              31.9028475
            ],
            [
              34.984316,
              31.9029618
            ],
            [
              34.9841945,
              31.9031268
            ],
            [
              34.9839791,
              31.9030125
            ],
            [
              34.9841006,
              31.9028475
            ]
          ]
        ]
      },
      "id": "way/1095099958"
    },
    {
      "type": "Feature",
      "properties": {
        "@id": "way/1095099959",
        "addr:housenumber": "46",
        "addr:street": "גולדה מאיר",
        "building": "apartments",
        "building:levels": "5",
        "roof:levels": "0",
        "roof:shape": "flat"
      },
      "geometry": {
        "type": "Polygon",
        "coordinates": [
          [
            [
              34.9843722,
              31.9029864
            ],
            [
              34.9845866,
              31.9030795
            ],
            [
              34.9844773,
              31.9032608
            ],
            [
              34.9842629,
              31.9031677
            ],
            [
              34.9843722,
              31.9029864
            ]
          ]
        ]
      },
      "id": "way/1095099959"
    },
    {
      "type": "Feature",
      "properties": {
        "@id": "way/1095099960",
        "addr:housenumber": "44",
        "addr:street": "גולדה מאיר",
        "building": "apartments",
        "building:levels": "5",
        "roof:levels": "0",
        "roof:shape": "flat"
      },
      "geometry": {
        "type": "Polygon",
        "coordinates": [
          [
            [
              34.9846722,
              31.9031281
            ],
            [
              34.9849192,
              31.9031761
            ],
            [
              34.9848731,
              31.9033472
            ],
            [
              34.9846261,
              31.9032993
            ],
            [
              34.9846722,
              31.9031281
            ]
          ]
        ]
      },
      "id": "way/1095099960"
    },
    {
      "type": "Feature",
      "properties": {
        "@id": "way/1095099965",
        "addr:housenumber": "5",
        "addr:street": "שרה אהרונסון",
        "building": "apartments",
        "building:levels": "14",
        "roof:shape": "flat"
      },
      "geometry": {
        "type": "Polygon",
        "coordinates": [
          [
            [
              34.9902385,
              31.9021916
            ],
            [
              34.9901899,
              31.9020251
            ],
            [
              34.990543,
              31.9019507
            ],
            [
              34.990588,
              31.9021176
            ],
            [
              34.9902385,
              31.9021916
            ]
          ]
        ]
      },
      "id": "way/1095099965"
    },
    {
      "type": "Feature",
      "properties": {
        "@id": "way/1095099966",
        "addr:housenumber": "7",
        "addr:street": "שרה אהרונסון",
        "building": "apartments",
        "building:levels": "14",
        "roof:shape": "flat"
      },
      "geometry": {
        "type": "Polygon",
        "coordinates": [
          [
            [
              34.9908837,
              31.9023708
            ],
            [
              34.990588,
              31.9021176
            ],
            [
              34.9907363,
              31.9019928
            ],
            [
              34.9910319,
              31.9022461
            ],
            [
              34.9908837,
              31.9023708
            ]
          ]
        ]
      },
      "id": "way/1095099966"
    },
    {
      "type": "Feature",
      "properties": {
        "@id": "way/1095099975",
        "addr:housenumber": "33",
        "addr:street": "שמעון פרס",
        "building": "apartments",
        "building:levels": "14",
        "roof:levels": "0",
        "roof:shape": "flat"
      },
      "geometry": {
        "type": "Polygon",
        "coordinates": [
          [
            [
              34.9834554,
              31.9057939
            ],
            [
              34.9835156,
              31.9056839
            ],
            [
              34.9837668,
              31.905783
            ],
            [
              34.9837065,
              31.905893
            ],
            [
              34.9834554,
              31.9057939
            ]
          ]
        ]
      },
      "id": "way/1095099975"
    },
    {
      "type": "Feature",
      "properties": {
        "@id": "way/1113557610",
        "addr:city": "מודיעין-מכבים-רעות",
        "addr:housenumber": "10,8",
        "addr:postcode": "7170593",
        "addr:street": "לוע הארי",
        "building": "yes",
        "building:levels": "4"
      },
      "geometry": {
        "type": "Polygon",
        "coordinates": [
          [
            [
              35.0098444,
              31.9049072
            ],
            [
              35.0098218,
              31.9048837
            ],
            [
              35.0097926,
              31.9048359
            ],
            [
              35.0097611,
              31.9047826
            ],
            [
              35.0097787,
              31.9047646
            ],
            [
              35.0097619,
              31.9047385
            ],
            [
              35.0097706,
              31.9047236
            ],
            [
              35.0097977,
              31.9046783
            ],
            [
              35.0098159,
              31.9046343
            ],
            [
              35.0098276,
              31.9045766
            ],
            [
              35.0098306,
              31.9045506
            ],
            [
              35.0098211,
              31.9045245
            ],
            [
              35.0099657,
              31.9044581
            ],
            [
              35.009984,
              31.9044929
            ],
            [
              35.0100074,
              31.9044811
            ],
            [
              35.010041,
              31.9045357
            ],
            [
              35.0100271,
              31.9045493
            ],
            [
              35.0100688,
              31.9046194
            ],
            [
              35.0100322,
              31.904638
            ],
            [
              35.0100074,
              31.9046126
            ],
            [
              35.0099628,
              31.9046349
            ],
            [
              35.0099424,
              31.9046641
            ],
            [
              35.0099541,
              31.9046715
            ],
            [
              35.0099431,
              31.9047106
            ],
            [
              35.0099204,
              31.9047162
            ],
            [
              35.0099131,
              31.9047478
            ],
            [
              35.0098817,
              31.9047745
            ],
            [
              35.0098898,
              31.9048012
            ],
            [
              35.0099314,
              31.9047962
            ],
            [
              35.0099416,
              31.9048285
            ],
            [
              35.0099095,
              31.9048626
            ],
            [
              35.0098444,
              31.9049072
            ]
          ]
        ]
      },
      "id": "way/1113557610"
    },
    {
      "type": "Feature",
      "properties": {
        "@id": "way/1119334214",
        "addr:housenumber": "18",
        "addr:street": "אריאל שרון",
        "building": "apartments",
        "building:levels": "7",
        "roof:levels": "0",
        "roof:shape": "flat"
      },
      "geometry": {
        "type": "Polygon",
        "coordinates": [
          [
            [
              34.9890859,
              31.9057544
            ],
            [
              34.9889039,
              31.9056234
            ],
            [
              34.9890238,
              31.9055034
            ],
            [
              34.9892057,
              31.9056345
            ],
            [
              34.9890859,
              31.9057544
            ]
          ]
        ]
      },
      "id": "way/1119334214"
    },
    {
      "type": "Feature",
      "properties": {
        "@id": "way/1132130803",
        "addr:city": "מודיעין-מכבים-רעות",
        "addr:housenumber": "3",
        "addr:street": "גולדה מאיר",
        "building": "apartments",
        "building:levels": "7",
        "roof:shape": "flat"
      },
      "geometry": {
        "type": "Polygon",
        "coordinates": [
          [
            [
              34.9914296,
              31.9009935
            ],
            [
              34.9917271,
              31.9009905
            ],
            [
              34.9917298,
              31.9011919
            ],
            [
              34.9914691,
              31.9011944
            ],
            [
              34.991432,
              31.9011689
            ],
            [
              34.9914296,
              31.9009935
            ]
          ]
        ]
      },
      "id": "way/1132130803"
    },
    {
      "type": "Feature",
      "properties": {
        "@id": "way/1132130804",
        "addr:housenumber": "11",
        "addr:street": "גולדה מאיר",
        "building": "apartments",
        "building:levels": "7",
        "roof:shape": "flat"
      },
      "geometry": {
        "type": "Polygon",
        "coordinates": [
          [
            [
              34.9914115,
              31.9000511
            ],
            [
              34.9916047,
              31.9000115
            ],
            [
              34.9916632,
              31.9002175
            ],
            [
              34.99147,
              31.9002571
            ],
            [
              34.9914115,
              31.9000511
            ]
          ]
        ]
      },
      "id": "way/1132130804"
    },
    {
      "type": "Feature",
      "properties": {
        "@id": "way/1132130805",
        "addr:housenumber": "9",
        "addr:street": "גולדה מאיר",
        "building": "apartments",
        "building:levels": "7",
        "roof:shape": "flat"
      },
      "geometry": {
        "type": "Polygon",
        "coordinates": [
          [
            [
              34.9914672,
              31.9003819
            ],
            [
              34.9916731,
              31.9003604
            ],
            [
              34.991704,
              31.9005739
            ],
            [
              34.9914981,
              31.9005954
            ],
            [
              34.9914672,
              31.9003819
            ]
          ]
        ]
      },
      "id": "way/1132130805"
    },
    {
      "type": "Feature",
      "properties": {
        "@id": "way/1149107081",
        "addr:city": "מודיעין-מכבים-רעות",
        "addr:housenumber": "11",
        "addr:street": "יצחק נבון",
        "building": "apartments",
        "building:levels": "3",
        "roof:shape": "flat"
      },
      "geometry": {
        "type": "Polygon",
        "coordinates": [
          [
            [
              34.9890868,
              31.9017292
            ],
            [
              34.9888558,
              31.901567
            ],
            [
              34.9890111,
              31.9014076
            ],
            [
              34.989242,
              31.9015699
            ],
            [
              34.9890868,
              31.9017292
            ]
          ]
        ]
      },
      "id": "way/1149107081"
    },
    {
      "type": "Feature",
      "properties": {
        "@id": "way/1149107082",
        "addr:city": "מודיעין-מכבים-רעות",
        "addr:housenumber": "13",
        "addr:street": "יצחק נבון",
        "building": "apartments",
        "building:levels": "4",
        "roof:shape": "flat"
      },
      "geometry": {
        "type": "Polygon",
        "coordinates": [
          [
            [
              34.9889234,
              31.9020078
            ],
            [
              34.9886533,
              31.9018974
            ],
            [
              34.988759,
              31.9017111
            ],
            [
              34.9889049,
              31.9017708
            ],
            [
              34.989029,
              31.9018215
            ],
            [
              34.9889234,
              31.9020078
            ]
          ]
        ]
      },
      "id": "way/1149107082"
    },
    {
      "type": "Feature",
      "properties": {
        "@id": "way/1149107083",
        "addr:city": "מודיעין-מכבים-רעות",
        "addr:housenumber": "15",
        "addr:street": "יצחק נבון",
        "building": "apartments",
        "building:levels": "4",
        "roof:shape": "flat"
      },
      "geometry": {
        "type": "Polygon",
        "coordinates": [
          [
            [
              34.9888367,
              31.9023528
            ],
            [
              34.9885414,
              31.9023091
            ],
            [
              34.9885831,
              31.9021054
            ],
            [
              34.9888784,
              31.902149
            ],
            [
              34.9888367,
              31.9023528
            ]
          ]
        ]
      },
      "id": "way/1149107083"
    },
    {
      "type": "Feature",
      "properties": {
        "@id": "way/1149107084",
        "addr:city": "מודיעין-מכבים-רעות",
        "addr:housenumber": "17",
        "addr:street": "יצחק נבון",
        "building": "apartments",
        "building:levels": "4",
        "roof:shape": "flat"
      },
      "geometry": {
        "type": "Polygon",
        "coordinates": [
          [
            [
              34.9888348,
              31.902686
            ],
            [
              34.9885353,
              31.902698
            ],
            [
              34.9885239,
              31.9024915
            ],
            [
              34.9888233,
              31.9024795
            ],
            [
              34.9888348,
              31.902686
            ]
          ]
        ]
      },
      "id": "way/1149107084"
    },
    {
      "type": "Feature",
      "properties": {
        "@id": "way/1149107085",
        "addr:city": "מודיעין-מכבים-רעות",
        "addr:housenumber": "19",
        "addr:street": "יצחק נבון",
        "building": "apartments",
        "building:levels": "4",
        "roof:shape": "flat"
      },
      "geometry": {
        "type": "Polygon",
        "coordinates": [
          [
            [
              34.9889198,
              31.90295
            ],
            [
              34.9886272,
              31.9030265
            ],
            [
              34.9885657,
              31.9028264
            ],
            [
              34.9888557,
              31.9027622
            ],
            [
              34.9889198,
              31.90295
            ]
          ]
        ]
      },
      "id": "way/1149107085"
    },
    {
      "type": "Feature",
      "properties": {
        "@id": "way/1178254775",
        "addr:housenumber": "11-13",
        "addr:street": "עמק חפר",
        "building": "apartments",
        "building:levels": "7",
        "roof:shape": "flat"
      },
      "geometry": {
        "type": "Polygon",
        "coordinates": [
          [
            [
              34.9840545,
              31.9065188
            ],
            [
              34.9836111,
              31.9063342
            ],
            [
              34.9836619,
              31.9062464
            ],
            [
              34.9840145,
              31.9063932
            ],
            [
              34.9840763,
              31.9062861
            ],
            [
              34.9840923,
              31.9062928
            ],
            [
              34.9841042,
              31.9062722
            ],
            [
              34.984179,
              31.9063034
            ],
            [
              34.9840545,
              31.9065188
            ]
          ]
        ]
      },
      "id": "way/1178254775"
    },
    {
      "type": "Feature",
      "properties": {
        "@id": "way/1222208729",
        "building": "transportation",
        "building:levels": "1",
        "roof:levels": "0",
        "roof:shape": "flat"
      },
      "geometry": {
        "type": "Polygon",
        "coordinates": [
          [
            [
              34.9865755,
              31.9040506
            ],
            [
              34.9865765,
              31.9039576
            ],
            [
              34.9866755,
              31.9039583
            ],
            [
              34.9867455,
              31.9039896
            ],
            [
              34.9867665,
              31.904052
            ],
            [
              34.9865755,
              31.9040506
            ]
          ]
        ]
      },
      "id": "way/1222208729"
    },
    {
      "type": "Feature",
      "properties": {
        "@id": "way/1222208734",
        "addr:housenumber": "12",
        "addr:street": "חיים ויצמן",
        "building": "apartments",
        "building:levels": "7",
        "roof:levels": "1",
        "roof:shape": "flat"
      },
      "geometry": {
        "type": "Polygon",
        "coordinates": [
          [
            [
              34.9889143,
              31.9038112
            ],
            [
              34.9890856,
              31.9040255
            ],
            [
              34.9886965,
              31.9042497
            ],
            [
              34.9885353,
              31.9040305
            ],
            [
              34.9889143,
              31.9038112
            ]
          ]
        ]
      },
      "id": "way/1222208734"
    },
    {
      "type": "Feature",
      "properties": {
        "@id": "way/1240722298",
        "addr:city": "מודיעין-מכבים-רעות",
        "addr:housenumber": "22-24",
        "addr:street": "גולדה מאיר",
        "building": "apartments",
        "building:levels": "6",
        "roof:shape": "flat"
      },
      "geometry": {
        "type": "Polygon",
        "coordinates": [
          [
            [
              34.9885936,
              31.9014738
            ],
            [
              34.9885025,
              31.9013969
            ],
            [
              34.9888262,
              31.9011206
            ],
            [
              34.9890105,
              31.9012762
            ],
            [
              34.9889195,
              31.9013539
            ],
            [
              34.9888262,
              31.9012752
            ],
            [
              34.9885936,
              31.9014738
            ]
          ]
        ]
      },
      "id": "way/1240722298"
    }
  ]
}